#source /home/jeong/Desktop/Team1-p2.sql
SET foreign_key_checks = 0;
DROP TABLE ITEM;
CREATE TABLE ITEM(
  Item_id       INT          NOT NULL,
  Name          VARCHAR(50)  NOT NULL,
  Price         INT          NOT NULL,
  Discount_rate INT,
  Exp_date      DATE,                  #유통기한
  Rating        DECIMAL(2,1),
  Importer      VARCHAR(30),
  CID           INT,
  PID           INT,
  PRIMARY KEY (Item_id)
);

DROP TABLE CATEGORY;
CREATE TABLE CATEGORY(
  CID            INT         NOT NULL,
  Large_category VARCHAR(20) NOT NULL,
  Small_category VARCHAR(20) NOT NULL,
  PRIMARY KEY (CID)
);

DROP TABLE PRODUCERLOCATION;
CREATE TABLE PRODUCERLOCATION(
  PID      INT NOT NULL,
  Producer VARCHAR(20),
  Location VARCHAR(20) NOT NULL,
  PRIMARY KEY(PID)
);

DROP TABLE RETAILER;
CREATE TABLE RETAILER(
  Store_idx INT         NOT NULL,
  Location  VARCHAR(20) NOT NULL,
  PRIMARY KEY (Store_idx)
);

DROP TABLE CUSTOMER;
CREATE TABLE CUSTOMER(
  User_id       INT         NOT NULL,
  User_password VARCHAR(10) NOT NULL,
  Address       VARCHAR(30) NOT NULL,
  Phone_number  VARCHAR(20) NOT NULL,
  Membership    INT,
  Sex           CHAR(1),
  Age		INT,
  Job           VARCHAR(20),
  PRIMARY KEY (User_id)
);

DROP TABLE SHOPPINGBAG;
CREATE TABLE SHOPPINGBAG(
  User_id     INT NOT NULL,
  Bag_idx     INT NOT NULL,
  Total_price INT,
  Bag_name    VARCHAR(30),
  PRIMARY KEY (User_id, Bag_idx),
  FOREIGN KEY (User_id) REFERENCES CUSTOMER(User_id)
);

ALTER TABLE ITEM
ADD FOREIGN KEY (CID)
REFERENCES CATEGORY (CID);

ALTER TABLE ITEM
ADD FOREIGN KEY (PID)
REFERENCES PRODUCERLOCATION (PID);

DROP TABLE MANAGE;
CREATE TABLE MANAGE(
  Store_idx INT         NOT NULL,
  Location  VARCHAR(30) NOT NULL,
  Item_id   INT         NOT NULL,
  Stock     INT,
  PRIMARY KEY (Store_idx, Item_id),
  FOREIGN KEY (Store_idx) REFERENCES RETAILER(Store_idx),
  FOREIGN KEY (Item_id)   REFERENCES ITEM(Item_id)
);

DROP TABLE INCLUDE;
CREATE TABLE INCLUDE(
  Bag_idx INT NOT NULL,
  User_id INT NOT NULL,
  Item_id INT NOT NULL,
  Stock   INT,
  PRIMARY KEY (User_id, Bag_idx, Item_id),
  FOREIGN KEY (User_id, Bag_idx) REFERENCES SHOPPINGBAG(User_id, Bag_idx),
  FOREIGN KEY (Item_id) REFERENCES ITEM(Item_id)
);

DROP TABLE ORDERED_BY;
CREATE TABLE ORDERED_BY(
  User_id      INT            NOT NULL,
  Bag_idx      INT            NOT NULL,
  Is_ordered   TINYINT(1)     NOT NULL,
  When_ordered Date,
  Store_idx    INT,
  PRIMARY KEY (User_id, Bag_idx),
  FOREIGN KEY (User_id, Bag_idx) REFERENCES SHOPPINGBAG(User_id, Bag_idx),
  FOREIGN KEY (Store_idx) REFERENCES RETAILER(Store_idx)
);


SET foreign_key_checks = 1;

ALTER TABLE CATEGORY convert to charset utf8;
ALTER TABLE ITEM convert to charset utf8;
ALTER TABLE PRODUCERLOCATION convert to charset utf8;
ALTER TABLE RETAILER convert to charset utf8;
ALTER TABLE CUSTOMER convert to charset utf8;
ALTER TABLE SHOPPINGBAG convert to charset utf8;
ALTER TABLE MANAGE convert to charset utf8;
ALTER TABLE INCLUDE convert to charset utf8;


INSERT INTO CATEGORY
VALUES (1, '과일/견과', '사과/배/감');
INSERT INTO CATEGORY
VALUES (2, '과일/견과', '수박/메론/참외');
INSERT INTO CATEGORY
VALUES (3, '과일/견과', '키위/포도');

INSERT INTO CATEGORY
VALUES (4, '채소', '고구마/호박고구마/감자');
INSERT INTO CATEGORY
VALUES (5, '채소', '두부/콩나물');
INSERT INTO CATEGORY
VALUES (6, '채소', '오이/가지/호박/옥수수');

INSERT INTO CATEGORY
VALUES (7, '유제품/냉장/냉동/간편식', '아이스크림');
INSERT INTO CATEGORY
VALUES (8, '유제품/냉장/냉동/간편식', '만두/돈까스/떡갈비/냉동');
INSERT INTO CATEGORY
VALUES (9, '유제품/냉장/냉동/간편식', '면/떡국/찌개/냉장');


INSERT INTO RETAILER
VALUES (1, '서울특별시');
INSERT INTO RETAILER
VALUES (2, '부산광역시');
INSERT INTO RETAILER
VALUES (3, '대구광역시');
INSERT INTO RETAILER
VALUES (4, '인천광역시');
INSERT INTO RETAILER
VALUES (5, '광주광역시');
INSERT INTO RETAILER
VALUES (6, '대전광역시');
INSERT INTO RETAILER
VALUES (7, '울산광역시');
INSERT INTO RETAILER
VALUES (8, '세종특별자치시');
INSERT INTO RETAILER
VALUES (9, '경기도');
INSERT INTO RETAILER
VALUES (10, '강원도');
INSERT INTO RETAILER
VALUES (11, '충청북도');
INSERT INTO RETAILER
VALUES (12, '충청남도');
INSERT INTO RETAILER
VALUES (13, '전라북도');
INSERT INTO RETAILER
VALUES (14, '전라남도');
INSERT INTO RETAILER
VALUES (15, '경상북도');
INSERT INTO RETAILER
VALUES (16, '경상남도');
INSERT INTO RETAILER
VALUES (17, '제주특별자치도');
INSERT INTO RETAILER
VALUES (18, '서울2점');
INSERT INTO RETAILER
VALUES (19, '부산2점');
INSERT INTO RETAILER
VALUES (20, '대구2점');

INSERT INTO CUSTOMER
VALUES (1, '1011', '서울특별시', '010-1111-1111', 0, NULL, NULL, NULL);
INSERT INTO CUSTOMER
VALUES (2, '1012', '서울특별시', '010-2222-2222', 0, NULL, NULL, NULL);
INSERT INTO CUSTOMER
VALUES (3, '1013', '서울특별시', '010-3333-3333', 0, NULL, NULL, NULL);
INSERT INTO CUSTOMER
VALUES (4, '1014', '부산광역시', '010-4444-4444', 7, NULL, NULL, NULL);
INSERT INTO CUSTOMER
VALUES (5, '1015', '부산광역시', '010-5555-5555', 7, NULL, NULL, NULL);
INSERT INTO CUSTOMER
VALUES (6, '1016', '부산광역시', '010-6666-6666', 7, NULL, NULL, NULL);
INSERT INTO CUSTOMER
VALUES (7, '1017', '대구광역시', '010-7777-7777', 7, NULL, NULL, NULL);
INSERT INTO CUSTOMER
VALUES (8, '1018', '대구광역시', '010-8888-8888', 7, NULL, NULL, NULL);
INSERT INTO CUSTOMER
VALUES (9, '1019', '대구광역시', '010-9999-9999', 7, NULL, NULL, NULL);
INSERT INTO CUSTOMER
VALUES (10, '1020', '인천광역시', '010-1234-1234', 7, NULL, NULL, NULL);
INSERT INTO CUSTOMER
VALUES (11, '1021', '인천광역시', '010-1222-1222', 7, 'F', 21, '경찰');
INSERT INTO CUSTOMER
VALUES (12, '1022', '인천광역시', '010-1333-1333', 7, 'F', 22, '경찰');
INSERT INTO CUSTOMER
VALUES (13, '1023', '광주광역시', '010-1444-1444', 7, 'M', 23, '경찰');
INSERT INTO CUSTOMER
VALUES (14, '1024', '광주광역시', '010-1555-1555', 7, 'M', 24, '요리사');
INSERT INTO CUSTOMER
VALUES (15, '1025', '광주광역시', '010-1666-1666', 7, 'M', 25, '요리사');
INSERT INTO CUSTOMER
VALUES (16, '1026', '대전광역시', '010-1777-1777', 7, 'F', 26, '요리사');
INSERT INTO CUSTOMER
VALUES (17, '1026', '대전광역시', '010-1888-1888', 7, 'M', 27, '요리사');
INSERT INTO CUSTOMER
VALUES (18, '1027', '대전광역시', '010-1999-1999', 7, 'F', 28, '프로그래머');
INSERT INTO CUSTOMER
VALUES (19, '1028', '울산광역시', '010-2111-2111', 1, 'M', 29, '프로그래머');
INSERT INTO CUSTOMER
VALUES (20, '1029', '울산광역시', '010-2333-2333', 1, 'M', 30, '프로그래머');
INSERT INTO CUSTOMER
VALUES (21, '1030', '울산광역시', '010-2444-2444', 1, 'M', 31, '프로그래머');
INSERT INTO CUSTOMER
VALUES (22, '1031', '세종특별자치시', '010-2555-2555', 1, 'M', 32, '프로그래머');
INSERT INTO CUSTOMER
VALUES (23, '1032', '세종특별자치시', '010-2666-2666', 1, 'M', 33, '소방관');
INSERT INTO CUSTOMER
VALUES (24, '1033', '세종특별자치시', '010-2777-2777', 1, 'M', 34, '소방관');
INSERT INTO CUSTOMER
VALUES (25, '1034', '경기도', '010-2888-2888', 1, 'M', 35, '소방관');
INSERT INTO CUSTOMER
VALUES (26, '1035', '경기도', '010-2999-2999', 1, 'F', 36, NULL);
INSERT INTO CUSTOMER
VALUES (27, '1036', '경기도', '010-3111-3111', 1, 'F', 37, NULL);
INSERT INTO CUSTOMER
VALUES (28, '1037', '강원도', '010-3222-3222', 1, 'F', 38, NULL);
INSERT INTO CUSTOMER
VALUES (29, '1038', '강원도', '010-3444-3444', 1, 'M', 39, NULL);
INSERT INTO CUSTOMER
VALUES (30, '1039', '강원도', '010-3555-3555', 1, 'M', 40, NULL);
INSERT INTO CUSTOMER
VALUES (31, '1040', '충청북도', '010-3666-3666', 1, 'F', 41, NULL);
INSERT INTO CUSTOMER
VALUES (32, '1041', '충청북도', '010-3777-3777', 1, 'F', 42, NULL);
INSERT INTO CUSTOMER
VALUES (33, '1042', '충청북도', '010-3888-3888', 1, 'F', 43, NULL);
INSERT INTO CUSTOMER
VALUES (34, '1043', '충청남도', '010-3999-3999', 1, 'F', 44, NULL);
INSERT INTO CUSTOMER
VALUES (35, '1044', '충청남도', '010-4111-4111', 1, 'M', 45, NULL);
INSERT INTO CUSTOMER
VALUES (36, '1045', '충청남도', '010-4222-4222', 1, 'M', 46, NULL);
INSERT INTO CUSTOMER
VALUES (37, '1046', '전라북도', '010-4333-4333', 1, 'M', 47, NULL);
INSERT INTO CUSTOMER
VALUES (38, '1047', '전라북도', '010-4555-4555', 1, 'M', 48, NULL);
INSERT INTO CUSTOMER
VALUES (39, '1048', '전라북도', '010-4666-4666', 1, 'M', 49, NULL);
INSERT INTO CUSTOMER
VALUES (40, '1049', '전라남도', '010-4777-4777', 1, 'F', 50, NULL);
INSERT INTO CUSTOMER
VALUES (41, '1050', '전라남도', '010-4888-4888', 1, 'F', 51, NULL);
INSERT INTO CUSTOMER
VALUES (42, '1051', '전라남도', '010-4999-4999', 1, 'M', 52, NULL);
INSERT INTO CUSTOMER
VALUES (43, '1052', '경상북도', '010-5111-5111', 1, 'M', 53, NULL);
INSERT INTO CUSTOMER
VALUES (44, '1053', '경상북도', '010-5222-5222', 1, 'M', 54, NULL);
INSERT INTO CUSTOMER
VALUES (45, '1054', '경상북도', '010-5333-5333', 1, 'M', 55, NULL);
INSERT INTO CUSTOMER
VALUES (46, '1055', '경상남도', '010-5444-5444', 1, 'F', 56, NULL);
INSERT INTO CUSTOMER
VALUES (47, '1056', '경상남도', '010-5666-5666', 1, 'F', 57, NULL);
INSERT INTO CUSTOMER
VALUES (48, '1057', '경상남도', '010-5777-5777', 1, 'F', 58, NULL);
INSERT INTO CUSTOMER
VALUES (49, '1058', '서울특별시', '010-5888-5888', 2, 'F', 59, NULL);
INSERT INTO CUSTOMER
VALUES (50, '1059', '부산광역시', '010-5999-5999', 2, 'F', 60, NULL);
INSERT INTO CUSTOMER
VALUES (51, '1060', '대구광역시', '010-6111-6111', 3, 'F', 61, NULL);
INSERT INTO CUSTOMER
VALUES (52, '1061', '인천광역시', '010-6222-6222', 3, 'M', 62, NULL);
INSERT INTO CUSTOMER
VALUES (53, '1062', '광주광역시', '010-6333-6333', 3, 'M', 63, NULL);
INSERT INTO CUSTOMER
VALUES (54, '1063', '대전광역시', '010-6444-6444', 3, 'M', 64, NULL);
INSERT INTO CUSTOMER
VALUES (55, '1064', '울산광역시', '010-6555-6555', 3, 'M', 65, NULL);

INSERT INTO PRODUCERLOCATION
VALUES (1, '노브랜드', '서울특별시');
INSERT INTO PRODUCERLOCATION
VALUES (2, '빙그레', '부산광역시');
INSERT INTO PRODUCERLOCATION
VALUES (3, '구구', '대구광역시');
INSERT INTO PRODUCERLOCATION
VALUES (4, '피코크', '인천광역시');
INSERT INTO PRODUCERLOCATION
VALUES (5, '풀무원', '광주광역시');
INSERT INTO PRODUCERLOCATION
VALUES (6, '채소밥상', '대전광역시');
INSERT INTO PRODUCERLOCATION
VALUES (7, '자연맛남', '울산광역시');
INSERT INTO PRODUCERLOCATION
VALUES (8, '농협', '세종특별자치시');
INSERT INTO PRODUCERLOCATION
VALUES (9, '이마트후레쉬', '경기도');
INSERT INTO PRODUCERLOCATION
VALUES (10, '맛템', '강원도');
INSERT INTO PRODUCERLOCATION
VALUES (11, '자연에더', '충청북도');
INSERT INTO PRODUCERLOCATION
VALUES (12, '올프레쉬', '충청남도');
INSERT INTO PRODUCERLOCATION
VALUES (13, '샘숭', '전라북도');
INSERT INTO PRODUCERLOCATION
VALUES (14, '맛다름', '전라남도');
INSERT INTO PRODUCERLOCATION
VALUES (15, '총각네', '대구광역시');


INSERT INTO ITEM
VALUES (1, '맛있는 사과 5kg', 19800, 25, '2018-11-15', 4.7, '김대붕', 1, 8);
INSERT INTO ITEM
VALUES (2, '프리미엄 황금사과 황옥 3kg', 12800, 28, '2018-11-16', 4.7, '김대붕', 1, 8);
INSERT INTO ITEM
VALUES (3, '가정용 나주 산고배 15kg', 29800, 0, '2018-11-1', 4.8, '김대붕', 1, 8);
INSERT INTO ITEM
VALUES (4, '착한자연 마움농원 유기농 사과 4kg x 3', 23500, 0, '2018-11-5', 4.8, '신태양', 1, 11);
INSERT INTO ITEM
VALUES (5, '첫출하 대봉시(홍시) 3kg', 9900, 0, '2018-11-9', 4.9, '신태양', 1, 11);
INSERT INTO ITEM
VALUES (6, '과일소믈리에, 메론도시락(대)', 6000, 0, '2018-11-12', 4.8, '지원규', 2, 12);
INSERT INTO ITEM
VALUES (7, '메론 6.5kg x 5', 38000, 0, '2018-12-12', 4.9, '성주란', 2, 8);
INSERT INTO ITEM
VALUES (8, '고당도 수박', 18900, 0, '2018-11-20', 4.9, '성주란', 2, 8);
INSERT INTO ITEM
VALUES (9, '머스크 멜론 4kg', 22500, 0, '2018-11-15', 4.8, '성주란', 2, 8);
INSERT INTO ITEM
VALUES (10, '수박화채', 7200, 0, '2018-11-12', 4.7, '최강기', 2, 13);
INSERT INTO ITEM
VALUES (11, '뉴질랜드, 제스프리 썬골드키위 7~14입', 11900, 0, '2018-11-1', 4.7, '감우진', 3, 9);
INSERT INTO ITEM
VALUES (12, '빅!사이즈 뉴질랜드산 제스프리 골드키위 4~6입', 11900, 0, '2018-11-15', 4.8, '강두팔', 3, 14);
INSERT INTO ITEM
VALUES (13, '대과사이즈 달콤한 제스프리 그린키위 72과 벌크 10kg 내외', 48900, 0, '2018-11-18', 4.8, '강두팔', 3, 14);
INSERT INTO ITEM
VALUES (14, '블랙사파이어 수입포도 900g 내외 껍질채 먹는 씨없는 포도', 12900, 0, '2018-11-25', 4.9, '강두팔', 3, 14);
INSERT INTO ITEM
VALUES (15, '국내산 머루 포도 3kg', 15900, 0, '2018-11-27', 4.8, '감우진', 3, 9);
INSERT INTO ITEM
VALUES (16, '매콤달콤 감자짜글이', 6990, 0, '2018-11-21', 4.6, '강민', 4, 6);
INSERT INTO ITEM
VALUES (17, '베니하루카 첫사랑 꿀고구마 2kg', 8900, 0, '2018-11-8', 4.7, '강우주', 4, 7);
INSERT INTO ITEM
VALUES (18, '광주공판장직송, 감자 5kg', 19000, 0, '2018-11-17', 4.7, '남궁카이', 4, 8);
INSERT INTO ITEM
VALUES (19, '감자 800g', 3900, 0, '2018-10-31', 4.8, '강민', 4, 6);
INSERT INTO ITEM
VALUES (20, '미니 고구마 400g', 2990, 0, '2018-12-1', 4.8, '남궁카이', 4, 8);
INSERT INTO ITEM
VALUES (21, '해누리 2018년 해남 햇고춧가루 500g', 26900, 0, '2018-12-1', 4.7, '강한별', 5, 8);
INSERT INTO ITEM
VALUES (22, '강원횡성 이재국님의 신선한 파프리카 2kg', 19900, 0, '2018-11-9', 4.8, '강한별', 5, 8);
INSERT INTO ITEM
VALUES (23, '청량 고추 150g', 1200, 0, '2018-12-3', 4.7, '홍미나', 5, 14);
INSERT INTO ITEM
VALUES (24, '파프리카 2개', 2180, 0, '2018-11-30', 4.7, '홍미나', 5, 14);
INSERT INTO ITEM
VALUES (25, '그린로컬 유기농 건고추 2kg', 120000, 0, '2018-11-28', 4.8, '강한별', 5, 8);
INSERT INTO ITEM
VALUES (26, '국내산, 애호박 1개', 1390, 0, '2018-11-21', 4.6, '유나라', 6, 9);
INSERT INTO ITEM
VALUES (27, '국내산, 미니 단호박(통)', 2490, 0, '2018-11-9', 4.7, '유나라', 6, 9);
INSERT INTO ITEM
VALUES (28, '스낵 오이(봉)', 17900, 0, '2018-11-10', 4.8, '유나라', 6, 9);
INSERT INTO ITEM
VALUES (29, '미니 밤호박(2kg)', 12900, 0, '2018-11-19', 4.8, '권설화', 6, 10);
INSERT INTO ITEM
VALUES (30, '백오이 10개', 7600, 0, '2018-11-29', 4.8, '권설화', 6, 10);
INSERT INTO ITEM
VALUES (31, '초코칩 아이스크림', 3980, 0, '2019-01-29', 4.9, '신태일', 7, 1);
INSERT INTO ITEM
VALUES (32, '밀크 아이스크림', 3980, 0, '2019-01-13', 4.9, '신태일', 7, 1);
INSERT INTO ITEM
VALUES (33, '그라시아 쿠앤크', 5000, 0, '2018-12-31', 4.7, '한소라', 7, 2);
INSERT INTO ITEM
VALUES (34, '투게더 아이스크림', 4900, 0, '2018-12-26', 4.8, '한소라', 7, 2);
INSERT INTO ITEM
VALUES (35, '크러스터 660ml', 3500, 0, '2018-12-29', 4.8, '매튜', 7, 3);
INSERT INTO ITEM
VALUES (36, '칠리세우 400g', 6480, 0, '2018-12-15', 4.9, '장한솔', 8, 1);
INSERT INTO ITEM
VALUES (37, '바삭탱글 김말이튀김 700g', 5980, 0, '2018-12-10', 4.6, '리키', 8, 4);
INSERT INTO ITEM
VALUES (38, '쫀득한 치즈스틱 1kg', 8380, 0, '2018-12-19', 4.9, '장한솔', 8, 1);
INSERT INTO ITEM
VALUES (39, '통새우 볶음밥 840g', 6580, 0, '2018-12-30', 4.7, '리키', 8, 4);
INSERT INTO ITEM
VALUES (40, '만두연구소 평양왕만두 700g', 5380, 20, '2018-12-29', 4.9, '리키', 8, 4);
INSERT INTO ITEM
VALUES (41, '차돌박이 된장찌개 350g', 3980, 0, '2018-12-03', 4.8, '홍장미', 9, 15);
INSERT INTO ITEM
VALUES (42, '묵은지 김치찌개 350g', 3580, 0, '2018-12-11', 4.9, '박세모', 9, 15);
INSERT INTO ITEM
VALUES (43, '진한 육개장 500g', 5480, 0, '2018-12-24', 4.7, '고뭉치', 9, 4);
INSERT INTO ITEM
VALUES (44, '생칼국수 500g', 3380, 0, '2018-12-22', 4.9, '한아름', 9, 5);
INSERT INTO ITEM
VALUES (45, '생가쓰오우동 4인', 6480, 0, '2018-12-29', 4.8, '코난', 9, 5);

INSERT INTO SHOPPINGBAG
VALUES (5, 1,  51700, NULL);
INSERT INTO SHOPPINGBAG
VALUES (5, 2,  36100, NULL);
INSERT INTO SHOPPINGBAG
VALUES (5, 3,  155560, NULL);
INSERT INTO SHOPPINGBAG
VALUES (15, 4,  36500, NULL);
INSERT INTO SHOPPINGBAG
VALUES (15, 5,  34480, NULL);
INSERT INTO SHOPPINGBAG
VALUES (15, 6,  56390, NULL);
INSERT INTO SHOPPINGBAG
VALUES (25, 7,  42690, NULL);
INSERT INTO SHOPPINGBAG
VALUES (25, 8,  52300, NULL);
INSERT INTO SHOPPINGBAG
VALUES (25, 9,  29050, NULL);
INSERT INTO SHOPPINGBAG
VALUES (35, 10,  32800, NULL);
INSERT INTO SHOPPINGBAG
VALUES (35, 11,  45480, NULL);
INSERT INTO SHOPPINGBAG
VALUES (35, 12,  572800, NULL);
INSERT INTO SHOPPINGBAG
VALUES (45, 13,  10940, NULL);
INSERT INTO SHOPPINGBAG
VALUES (45, 14,  59400, NULL);
INSERT INTO SHOPPINGBAG
VALUES (45, 15,  360000, NULL);
INSERT INTO SHOPPINGBAG
VALUES (1, 16,  42690, NULL);
INSERT INTO SHOPPINGBAG
VALUES (2, 17,  29550, NULL);
INSERT INTO SHOPPINGBAG
VALUES (11, 18,  10590, NULL);
INSERT INTO SHOPPINGBAG
VALUES (12, 19,  86780, NULL);
INSERT INTO SHOPPINGBAG
VALUES (21, 20,  62640, NULL);
INSERT INTO SHOPPINGBAG
VALUES (22, 21,  28800, NULL);
INSERT INTO SHOPPINGBAG
VALUES (31, 22,  184610, NULL);
INSERT INTO SHOPPINGBAG
VALUES (32, 23,  181200, NULL);
INSERT INTO SHOPPINGBAG
VALUES (41, 24,  170180, NULL);
INSERT INTO SHOPPINGBAG
VALUES (42, 25,  21360, NULL);
INSERT INTO SHOPPINGBAG
VALUES (4, 26, 19800, NULL);
INSERT INTO SHOPPINGBAG
VALUES (4, 27, 12800, NULL);
INSERT INTO SHOPPINGBAG
VALUES (4, 28, 29800, NULL);
INSERT INTO SHOPPINGBAG
VALUES (4, 29, 23500, NULL);
INSERT INTO SHOPPINGBAG
VALUES (4, 30, 9900, NULL);
INSERT INTO SHOPPINGBAG
VALUES (4, 31, 6000, NULL);
INSERT INTO SHOPPINGBAG
VALUES (4, 32, 38000, NULL);

INSERT INTO SHOPPINGBAG
VALUES (5, 33, 18900, NULL);
INSERT INTO SHOPPINGBAG
VALUES (5, 34, 22500, NULL);

INSERT INTO SHOPPINGBAG
VALUES (6, 35, 7200, NULL);
INSERT INTO SHOPPINGBAG
VALUES (6, 36, 11900, NULL);
INSERT INTO SHOPPINGBAG
VALUES (6, 37, 11900, NULL);
INSERT INTO SHOPPINGBAG
VALUES (6, 38, 48900, NULL);
INSERT INTO SHOPPINGBAG
VALUES (6, 39, 12900, NULL);
INSERT INTO SHOPPINGBAG
VALUES (6, 40, 15900, NULL);
INSERT INTO SHOPPINGBAG
VALUES (6, 41, 6990, NULL);

INSERT INTO SHOPPINGBAG
VALUES (7, 42, 8900, NULL);
INSERT INTO SHOPPINGBAG
VALUES (7, 43, 19000, NULL);
INSERT INTO SHOPPINGBAG
VALUES (7, 44, 3900, NULL);
INSERT INTO SHOPPINGBAG
VALUES (7, 45, 2990, NULL);
INSERT INTO SHOPPINGBAG
VALUES (7, 46, 26900, NULL);
INSERT INTO SHOPPINGBAG
VALUES (7, 47, 19900, NULL);
INSERT INTO SHOPPINGBAG
VALUES (7, 48, 1200, NULL);

INSERT INTO SHOPPINGBAG
VALUES (8, 49, 2180, NULL);
INSERT INTO SHOPPINGBAG
VALUES (8, 50, 120000, NULL);
INSERT INTO SHOPPINGBAG
VALUES (8, 51, 1390, NULL);
INSERT INTO SHOPPINGBAG
VALUES (8, 52, 2490, NULL);
INSERT INTO SHOPPINGBAG
VALUES (8, 53, 17900, NULL);
INSERT INTO SHOPPINGBAG
VALUES (8, 54, 12900, NULL);
INSERT INTO SHOPPINGBAG
VALUES (8, 55, 7600, NULL);

INSERT INTO SHOPPINGBAG
VALUES (9, 56, 3980, NULL);
INSERT INTO SHOPPINGBAG
VALUES (9, 57, 3980, NULL);
INSERT INTO SHOPPINGBAG
VALUES (9, 58, 5000, NULL);
INSERT INTO SHOPPINGBAG
VALUES (9, 59, 4900, NULL);
INSERT INTO SHOPPINGBAG
VALUES (9, 60, 3500, NULL);
INSERT INTO SHOPPINGBAG
VALUES (9, 61, 6480, NULL);
INSERT INTO SHOPPINGBAG
VALUES (9, 62, 5980, NULL);

INSERT INTO SHOPPINGBAG
VALUES (10, 63, 8380, NULL);
INSERT INTO SHOPPINGBAG
VALUES (10, 64, 6580, NULL);
INSERT INTO SHOPPINGBAG
VALUES (10, 65, 5380, NULL);
INSERT INTO SHOPPINGBAG
VALUES (10, 66, 3980, NULL);
INSERT INTO SHOPPINGBAG
VALUES (10, 67, 3580, NULL);
INSERT INTO SHOPPINGBAG
VALUES (10, 68, 5480, NULL);
INSERT INTO SHOPPINGBAG
VALUES (10, 69, 3380, NULL);

INSERT INTO SHOPPINGBAG
VALUES (11, 70, 19800, NULL);
INSERT INTO SHOPPINGBAG
VALUES (11, 71, 11900, NULL);
INSERT INTO SHOPPINGBAG
VALUES (11, 72, 11900, NULL);
INSERT INTO SHOPPINGBAG
VALUES (11, 73, 26900, NULL);
INSERT INTO SHOPPINGBAG
VALUES (11, 74, 19900, NULL);
INSERT INTO SHOPPINGBAG
VALUES (11, 75, 3980, NULL);

INSERT INTO SHOPPINGBAG
VALUES (12, 76, 12800, NULL);
INSERT INTO SHOPPINGBAG
VALUES (12, 77, 3980, NULL);
INSERT INTO SHOPPINGBAG
VALUES (12, 78, 5000, NULL);
INSERT INTO SHOPPINGBAG
VALUES (12, 79, 3980, NULL);
INSERT INTO SHOPPINGBAG
VALUES (12, 80, 3580, NULL);
INSERT INTO SHOPPINGBAG
VALUES (12, 81, 5480, NULL);

INSERT INTO SHOPPINGBAG
VALUES (13, 82, 5000, NULL);
INSERT INTO SHOPPINGBAG
VALUES (13, 83, 4900, NULL);
INSERT INTO SHOPPINGBAG
VALUES (13, 84, 3500, NULL);
INSERT INTO SHOPPINGBAG
VALUES (13, 85, 1390, NULL);
INSERT INTO SHOPPINGBAG
VALUES (13, 86, 2490, NULL);
INSERT INTO SHOPPINGBAG
VALUES (13, 87, 17900, NULL);
INSERT INTO SHOPPINGBAG
VALUES (13, 88, 12900, NULL);

INSERT INTO SHOPPINGBAG
VALUES (14, 89, 5000, NULL);
INSERT INTO SHOPPINGBAG
VALUES (14, 90, 4900, NULL);
INSERT INTO SHOPPINGBAG
VALUES (14, 91, 3500, NULL);
INSERT INTO SHOPPINGBAG
VALUES (14, 92, 1390, NULL);
INSERT INTO SHOPPINGBAG
VALUES (14, 93, 2490, NULL);
INSERT INTO SHOPPINGBAG
VALUES (14, 94, 17900, NULL);
INSERT INTO SHOPPINGBAG
VALUES (14, 95, 12900, NULL);

INSERT INTO SHOPPINGBAG
VALUES (15, 96, 18900, NULL);
INSERT INTO SHOPPINGBAG
VALUES (15, 97, 19000, NULL);
INSERT INTO SHOPPINGBAG
VALUES (15, 98, 17900, NULL);
INSERT INTO SHOPPINGBAG
VALUES (15, 99, 8380, NULL);

INSERT INTO SHOPPINGBAG
VALUES (16, 100, 12900, NULL);
INSERT INTO SHOPPINGBAG
VALUES (16, 101, 7600, NULL);
INSERT INTO SHOPPINGBAG
VALUES (16, 102, 12900, NULL);
INSERT INTO SHOPPINGBAG
VALUES (16, 103, 3980, NULL);
INSERT INTO SHOPPINGBAG
VALUES (16, 104, 5000, NULL);
INSERT INTO SHOPPINGBAG
VALUES (16, 105, 4900, NULL);
INSERT INTO SHOPPINGBAG
VALUES (16, 106, 3500, NULL);

INSERT INTO SHOPPINGBAG
VALUES (17, 107, 12900, NULL);
INSERT INTO SHOPPINGBAG
VALUES (17, 108, 7600, NULL);
INSERT INTO SHOPPINGBAG
VALUES (17, 109, 12900, NULL);
INSERT INTO SHOPPINGBAG
VALUES (17, 110, 3980, NULL);
INSERT INTO SHOPPINGBAG
VALUES (17, 111, 5000, NULL);
INSERT INTO SHOPPINGBAG
VALUES (17, 112, 4900, NULL);
INSERT INTO SHOPPINGBAG
VALUES (17, 113, 3500, NULL);

INSERT INTO SHOPPINGBAG
VALUES (18, 114, 5480, NULL);
INSERT INTO SHOPPINGBAG
VALUES (18, 115, 3380, NULL);
INSERT INTO SHOPPINGBAG
VALUES (18, 116, 6480, NULL);
INSERT INTO SHOPPINGBAG
VALUES (18, 117, 19800, NULL);
INSERT INTO SHOPPINGBAG
VALUES (18, 118, 12800, NULL);
INSERT INTO SHOPPINGBAG
VALUES (18, 119, 29800, NULL);
INSERT INTO SHOPPINGBAG
VALUES (18, 120, 23500, NULL);


INSERT INTO SHOPPINGBAG
VALUES (5, 121, 7200, NULL);
INSERT INTO SHOPPINGBAG
VALUES (5, 122, 11900, NULL);
INSERT INTO SHOPPINGBAG
VALUES (5, 123, 11900, NULL);
INSERT INTO SHOPPINGBAG
VALUES (5, 124, 48900, NULL);
INSERT INTO SHOPPINGBAG
VALUES (5, 125, 12900, NULL);

INSERT INTO SHOPPINGBAG
VALUES (15, 126, 38000, NULL);
INSERT INTO SHOPPINGBAG
VALUES (15, 127, 12900, NULL);
INSERT INTO SHOPPINGBAG
VALUES (15, 128, 26900, NULL);
INSERT INTO SHOPPINGBAG
VALUES (11, 129, 3980, NULL);
INSERT INTO SHOPPINGBAG
VALUES (12, 130, 29800, NULL);

INSERT INTO SHOPPINGBAG
VALUES (19, 131, 3900, NULL);
INSERT INTO SHOPPINGBAG
VALUES (20, 132, 2990, NULL);
INSERT INTO SHOPPINGBAG
VALUES (21, 133, 26900, NULL);
INSERT INTO SHOPPINGBAG
VALUES (22, 134, 19900, NULL);
INSERT INTO SHOPPINGBAG
VALUES (23, 135, 1200, NULL);
INSERT INTO SHOPPINGBAG
VALUES (24, 136, 2180, NULL);
INSERT INTO SHOPPINGBAG
VALUES (25, 137, 120000, NULL);
INSERT INTO SHOPPINGBAG
VALUES (26, 138, 1390, NULL);
INSERT INTO SHOPPINGBAG
VALUES (27, 139, 2490, NULL);
INSERT INTO SHOPPINGBAG
VALUES (28, 140, 17900, NULL);
INSERT INTO SHOPPINGBAG
VALUES (29, 141, 12900, NULL);
INSERT INTO SHOPPINGBAG
VALUES (30, 142, 7600, NULL);
INSERT INTO SHOPPINGBAG
VALUES (31, 143, 3980, NULL);
INSERT INTO SHOPPINGBAG
VALUES (32, 144, 3980, NULL);
INSERT INTO SHOPPINGBAG
VALUES (33, 145, 5000, NULL);
INSERT INTO SHOPPINGBAG
VALUES (34, 146, 4900, NULL);
INSERT INTO SHOPPINGBAG
VALUES (35, 147, 3500, NULL);
INSERT INTO SHOPPINGBAG
VALUES (36, 148, 6480, NULL);
INSERT INTO SHOPPINGBAG
VALUES (37, 149, 5980, NULL);
INSERT INTO SHOPPINGBAG
VALUES (38, 150, 8380, NULL);
INSERT INTO SHOPPINGBAG
VALUES (39, 151, 6580, NULL);
INSERT INTO SHOPPINGBAG
VALUES (40, 152, 5380, NULL);
INSERT INTO SHOPPINGBAG
VALUES (41, 153, 3980, NULL);
INSERT INTO SHOPPINGBAG
VALUES (42, 154, 3580, NULL);
INSERT INTO SHOPPINGBAG
VALUES (43, 155, 5480, NULL);
INSERT INTO SHOPPINGBAG
VALUES (44, 156, 3380, NULL);
INSERT INTO SHOPPINGBAG
VALUES (45, 157, 6480, NULL);
INSERT INTO SHOPPINGBAG
VALUES (46, 158, 19800, NULL);
INSERT INTO SHOPPINGBAG
VALUES (47, 159, 12800, NULL);
INSERT INTO SHOPPINGBAG
VALUES (48, 160, 29800, NULL);

INSERT INTO SHOPPINGBAG
VALUES (49, 161, 9900, NULL);
INSERT INTO SHOPPINGBAG
VALUES (49, 162, 120000, NULL);
INSERT INTO SHOPPINGBAG
VALUES (50, 163, 23500, NULL);
INSERT INTO SHOPPINGBAG
VALUES (50, 164, 2180, NULL);

INSERT INTO SHOPPINGBAG
VALUES (51, 165, 12800, NULL);
INSERT INTO SHOPPINGBAG
VALUES (51, 166, 23500, NULL);
INSERT INTO SHOPPINGBAG
VALUES (51, 167, 18900, NULL);
INSERT INTO SHOPPINGBAG
VALUES (52, 168, 6990, NULL);
INSERT INTO SHOPPINGBAG
VALUES (52, 169, 12900, NULL);
INSERT INTO SHOPPINGBAG
VALUES (52, 170, 3980, NULL);
INSERT INTO SHOPPINGBAG
VALUES (53, 171, 17900, NULL);
INSERT INTO SHOPPINGBAG
VALUES (53, 172, 12900, NULL);
INSERT INTO SHOPPINGBAG
VALUES (53, 173, 7600, NULL);
INSERT INTO SHOPPINGBAG
VALUES (54, 174, 7200, NULL);
INSERT INTO SHOPPINGBAG
VALUES (54, 175, 11900, NULL);
INSERT INTO SHOPPINGBAG
VALUES (54, 176, 1190, NULL);
INSERT INTO SHOPPINGBAG
VALUES (55, 177, 2990, NULL);
INSERT INTO SHOPPINGBAG
VALUES (55, 178, 26900, NULL);
INSERT INTO SHOPPINGBAG
VALUES (55, 179, 19900, NULL);


INSERT INTO ORDERED_BY
VALUES (5, 1, FALSE, NULL, NULL);
INSERT INTO ORDERED_BY
VALUES (5, 2, FALSE, NULL, NULL);
INSERT INTO ORDERED_BY
VALUES (5, 3, FALSE, NULL, NULL);
INSERT INTO ORDERED_BY
VALUES (15, 4, FALSE, NULL, NULL);
INSERT INTO ORDERED_BY
VALUES (15, 5, FALSE, NULL, NULL);
INSERT INTO ORDERED_BY
VALUES (15, 6, FALSE, NULL, NULL);
INSERT INTO ORDERED_BY
VALUES (25, 7, FALSE, NULL, NULL);
INSERT INTO ORDERED_BY
VALUES (25, 8, FALSE, NULL, NULL);
INSERT INTO ORDERED_BY
VALUES (25, 9, FALSE, NULL, NULL);
INSERT INTO ORDERED_BY
VALUES (35, 10, FALSE, NULL, NULL);
INSERT INTO ORDERED_BY
VALUES (35, 11,FALSE, NULL, NULL);
INSERT INTO ORDERED_BY
VALUES (35, 12, FALSE, NULL, NULL);
INSERT INTO ORDERED_BY
VALUES (45, 13, FALSE, NULL, NULL);
INSERT INTO ORDERED_BY
VALUES (45, 14, FALSE, NULL, NULL);
INSERT INTO ORDERED_BY
VALUES (45, 15, FALSE, NULL, NULL);
INSERT INTO ORDERED_BY
VALUES (1, 16, FALSE, NULL, NULL);
INSERT INTO ORDERED_BY
VALUES (2, 17, FALSE, NULL, NULL);
INSERT INTO ORDERED_BY
VALUES (11, 18, FALSE, NULL, NULL);
INSERT INTO ORDERED_BY
VALUES (12, 19, FALSE, NULL, NULL);
INSERT INTO ORDERED_BY
VALUES (21, 20, FALSE, NULL, NULL);
INSERT INTO ORDERED_BY
VALUES (22, 21, FALSE, NULL, NULL);
INSERT INTO ORDERED_BY
VALUES (31, 22, FALSE, NULL, NULL);
INSERT INTO ORDERED_BY
VALUES (32, 23, FALSE, NULL, NULL);
INSERT INTO ORDERED_BY
VALUES (41, 24, FALSE, NULL, NULL);
INSERT INTO ORDERED_BY
VALUES (42, 25, FALSE, NULL, NULL);

# BUYED
INSERT INTO ORDERED_BY
VALUES (4, 26, TRUE, '2017-01-01',1);
INSERT INTO ORDERED_BY
VALUES (4, 27, TRUE, '2017-02-01',2);
INSERT INTO ORDERED_BY
VALUES (4, 28, TRUE, '2017-03-01',3);
INSERT INTO ORDERED_BY
VALUES (4, 29, TRUE, '2017-04-01',4);
INSERT INTO ORDERED_BY
VALUES (4, 30, TRUE, '2017-05-01',5);
INSERT INTO ORDERED_BY
VALUES (4, 31, TRUE, '2017-06-01',6);
INSERT INTO ORDERED_BY
VALUES (4, 32, TRUE, '2017-07-01',7);

INSERT INTO ORDERED_BY
VALUES (5, 33, TRUE, '2017-01-02',8);
INSERT INTO ORDERED_BY
VALUES (5, 34, TRUE, '2017-01-03',9);

INSERT INTO ORDERED_BY
VALUES (6, 35, TRUE, '2017-02-02',10);
INSERT INTO ORDERED_BY
VALUES (6, 36, TRUE, '2017-02-03',11);
INSERT INTO ORDERED_BY
VALUES (6, 37, TRUE, '2017-03-01',12);
INSERT INTO ORDERED_BY
VALUES (6, 38, TRUE, '2017-03-02',13);
INSERT INTO ORDERED_BY
VALUES (6, 39, TRUE, '2017-03-03',14);
INSERT INTO ORDERED_BY
VALUES (6, 40, TRUE, '2017-04-01',15);
INSERT INTO ORDERED_BY
VALUES (6, 41, TRUE, '2017-04-02',16);

INSERT INTO ORDERED_BY
VALUES (7, 42, TRUE, '2017-04-03',17);
INSERT INTO ORDERED_BY
VALUES (7, 43, TRUE, '2017-05-01',18);
INSERT INTO ORDERED_BY
VALUES (7, 44, TRUE, '2017-05-02',19);
INSERT INTO ORDERED_BY
VALUES (7, 45, TRUE, '2017-05-03',20);
INSERT INTO ORDERED_BY
VALUES (7, 46, TRUE, '2017-06-01',1);
INSERT INTO ORDERED_BY
VALUES (7, 47, TRUE, '2017-06-02',2);
INSERT INTO ORDERED_BY
VALUES (7, 48, TRUE, '2017-06-03',3);

INSERT INTO ORDERED_BY
VALUES (8, 49, TRUE, '2017-07-01',4);
INSERT INTO ORDERED_BY
VALUES (8, 50, TRUE, '2017-07-02',5);
INSERT INTO ORDERED_BY
VALUES (8, 51, TRUE, '2017-07-03',6);
INSERT INTO ORDERED_BY
VALUES (8, 52, TRUE, '2017-08-01',7);
INSERT INTO ORDERED_BY
VALUES (8, 53, TRUE, '2017-08-02',8);
INSERT INTO ORDERED_BY
VALUES (8, 54, TRUE, '2017-08-03',9);
INSERT INTO ORDERED_BY
VALUES (8, 55, TRUE, '2017-09-01',10);

INSERT INTO ORDERED_BY
VALUES (9, 56, TRUE, '2017-09-02',11);
INSERT INTO ORDERED_BY
VALUES (9, 57, TRUE, '2017-09-03',12);
INSERT INTO ORDERED_BY
VALUES (9, 58, TRUE, '2017-10-01',13);
INSERT INTO ORDERED_BY
VALUES (9, 59, TRUE, '2017-10-02',14);
INSERT INTO ORDERED_BY
VALUES (9, 60, TRUE, '2017-10-03',15);
INSERT INTO ORDERED_BY
VALUES (9, 61, TRUE, '2017-11-01',16);
INSERT INTO ORDERED_BY
VALUES (9, 62, TRUE, '2017-11-02',17);

INSERT INTO ORDERED_BY
VALUES (10, 63, TRUE, '2017-11-03',18);
INSERT INTO ORDERED_BY
VALUES (10, 64, TRUE, '2017-12-01',19);
INSERT INTO ORDERED_BY
VALUES (10, 65, TRUE, '2017-12-02',20);
INSERT INTO ORDERED_BY
VALUES (10, 66, TRUE, '2017-12-03',1);
INSERT INTO ORDERED_BY
VALUES (10, 67, TRUE, '2018-01-01',2);
INSERT INTO ORDERED_BY
VALUES (10, 68, TRUE, '2018-01-02',3);
INSERT INTO ORDERED_BY
VALUES (10, 69, TRUE, '2018-01-03',4);

INSERT INTO ORDERED_BY
VALUES (11, 70, TRUE, '2018-02-01',5);
INSERT INTO ORDERED_BY
VALUES (11, 71, TRUE, '2018-02-02',6);
INSERT INTO ORDERED_BY
VALUES (11, 72, TRUE, '2018-02-03',7);
INSERT INTO ORDERED_BY
VALUES (11, 73, TRUE, '2018-03-01',8);
INSERT INTO ORDERED_BY
VALUES (11, 74, TRUE, '2018-03-02',9);
INSERT INTO ORDERED_BY
VALUES (11, 75, TRUE, '2018-03-03',10);

INSERT INTO ORDERED_BY
VALUES (12, 76, TRUE, '2018-04-01',11);
INSERT INTO ORDERED_BY
VALUES (12, 77, TRUE, '2018-04-02',12);
INSERT INTO ORDERED_BY
VALUES (12, 78, TRUE, '2018-04-03',13);
INSERT INTO ORDERED_BY
VALUES (12, 79, TRUE, '2018-05-01',14);
INSERT INTO ORDERED_BY
VALUES (12, 80, TRUE, '2018-05-02',15);
INSERT INTO ORDERED_BY
VALUES (12, 81, TRUE, '2018-05-03',16);

INSERT INTO ORDERED_BY
VALUES (13, 82, TRUE, '2018-06-01',17);
INSERT INTO ORDERED_BY
VALUES (13, 83, TRUE, '2018-06-02',18);
INSERT INTO ORDERED_BY
VALUES (13, 84, TRUE, '2018-06-03',19);
INSERT INTO ORDERED_BY
VALUES (13, 85, TRUE, '2018-07-01',20);
INSERT INTO ORDERED_BY
VALUES (13, 86, TRUE, '2018-07-02',1);
INSERT INTO ORDERED_BY
VALUES (13, 87, TRUE, '2018-07-03',2);
INSERT INTO ORDERED_BY
VALUES (13, 88, TRUE, '2018-08-01',3);

INSERT INTO ORDERED_BY
VALUES (14, 89, TRUE, '2018-08-02',4);
INSERT INTO ORDERED_BY
VALUES (14, 90, TRUE, '2018-08-03',5);
INSERT INTO ORDERED_BY
VALUES (14, 91, TRUE, '2018-09-01',6);
INSERT INTO ORDERED_BY
VALUES (14, 92, TRUE, '2018-09-02',7);
INSERT INTO ORDERED_BY
VALUES (14, 93, TRUE, '2018-09-03',8);
INSERT INTO ORDERED_BY
VALUES (14, 94, TRUE, '2018-10-01',9);
INSERT INTO ORDERED_BY
VALUES (14, 95, TRUE, '2018-10-02',10);

INSERT INTO ORDERED_BY
VALUES (15, 96, TRUE, '2018-10-03',11);
INSERT INTO ORDERED_BY
VALUES (15, 97, TRUE, '2018-11-01',12);
INSERT INTO ORDERED_BY
VALUES (15, 98, TRUE, '2018-11-02',13);
INSERT INTO ORDERED_BY
VALUES (15, 99, TRUE, '2018-11-03',14);

INSERT INTO ORDERED_BY
VALUES (16, 100, TRUE, '2018-12-01',15);
INSERT INTO ORDERED_BY
VALUES (16, 101, TRUE, '2018-12-02',16);
INSERT INTO ORDERED_BY
VALUES (16, 102, TRUE, '2018-12-03',17);
INSERT INTO ORDERED_BY
VALUES (16, 103, TRUE, '2017-01-04',18);
INSERT INTO ORDERED_BY
VALUES (16, 104, TRUE, '2017-01-05',19);
INSERT INTO ORDERED_BY
VALUES (16, 105, TRUE, '2017-01-06',20);
INSERT INTO ORDERED_BY
VALUES (16, 106, TRUE, '2017-02-04',1);

INSERT INTO ORDERED_BY
VALUES (17, 107, TRUE, '2017-02-05',2);
INSERT INTO ORDERED_BY
VALUES (17, 108, TRUE, '2017-02-06',3);
INSERT INTO ORDERED_BY
VALUES (17, 109, TRUE, '2017-03-04',4);
INSERT INTO ORDERED_BY
VALUES (17, 110, TRUE, '2017-03-05',5);
INSERT INTO ORDERED_BY
VALUES (17, 111, TRUE, '2017-03-06',6);
INSERT INTO ORDERED_BY
VALUES (17, 112, TRUE, '2017-04-04',7);
INSERT INTO ORDERED_BY
VALUES (17, 113, TRUE, '2017-04-05',8);

INSERT INTO ORDERED_BY
VALUES (18, 114, TRUE, '2017-04-06',9);
INSERT INTO ORDERED_BY
VALUES (18, 115, TRUE, '2017-05-04',10);
INSERT INTO ORDERED_BY
VALUES (18, 116, TRUE, '2017-05-05',11);
INSERT INTO ORDERED_BY
VALUES (18, 117, TRUE, '2017-05-06',12);
INSERT INTO ORDERED_BY
VALUES (18, 118, TRUE, '2017-05-04',13);
INSERT INTO ORDERED_BY
VALUES (18, 119, TRUE, '2017-05-05',14);
INSERT INTO ORDERED_BY
VALUES (18, 120, TRUE, '2017-05-06',15);

INSERT INTO ORDERED_BY
VALUES (5, 121, TRUE, '2017-06-04',16);
INSERT INTO ORDERED_BY
VALUES (5, 122, TRUE, '2017-06-05',17);
INSERT INTO ORDERED_BY
VALUES (5, 123, TRUE, '2017-06-06',18);
INSERT INTO ORDERED_BY
VALUES (5, 124, TRUE, '2017-07-04',19);
INSERT INTO ORDERED_BY
VALUES (5, 125, TRUE, '2017-07-05',20);

INSERT INTO ORDERED_BY
VALUES (15, 126, TRUE, '2017-07-06',1);
INSERT INTO ORDERED_BY
VALUES (15, 127, TRUE, '2017-07-06',2);
INSERT INTO ORDERED_BY
VALUES (15, 128, TRUE, '2017-07-06',3);
INSERT INTO ORDERED_BY
VALUES (11, 129, TRUE, '2017-07-06',4);
INSERT INTO ORDERED_BY
VALUES (12, 130, TRUE, '2017-07-06',5);

INSERT INTO ORDERED_BY
VALUES (19, 131, TRUE, '2017-08-04',6);
INSERT INTO ORDERED_BY
VALUES (20, 132, TRUE, '2017-08-05',7);
INSERT INTO ORDERED_BY
VALUES (21, 133, TRUE, '2017-08-06',8);
INSERT INTO ORDERED_BY
VALUES (22, 134, TRUE, '2017-09-04',9);
INSERT INTO ORDERED_BY
VALUES (23, 135, TRUE, '2017-09-05',10);
INSERT INTO ORDERED_BY
VALUES (24, 136, TRUE, '2017-09-06',11);
INSERT INTO ORDERED_BY
VALUES (25, 137, TRUE, '2017-10-04',12);
INSERT INTO ORDERED_BY
VALUES (26, 138, TRUE, '2017-10-05',13);
INSERT INTO ORDERED_BY
VALUES (27, 139, TRUE, '2017-10-06',14);
INSERT INTO ORDERED_BY
VALUES (28, 140, TRUE, '2017-11-04',15);
INSERT INTO ORDERED_BY
VALUES (29, 141, TRUE, '2017-11-05',16);
INSERT INTO ORDERED_BY
VALUES (30, 142, TRUE, '2017-11-06',17);
INSERT INTO ORDERED_BY
VALUES (31, 143, TRUE, '2017-12-04',18);
INSERT INTO ORDERED_BY
VALUES (32, 144, TRUE, '2017-12-05',19);
INSERT INTO ORDERED_BY
VALUES (33, 145, TRUE, '2017-12-06',20);
INSERT INTO ORDERED_BY
VALUES (34, 146, TRUE, '2018-01-04',1);
INSERT INTO ORDERED_BY
VALUES (35, 147, TRUE, '2018-01-05',2);
INSERT INTO ORDERED_BY
VALUES (36, 148, TRUE, '2018-01-06',3);
INSERT INTO ORDERED_BY
VALUES (37, 149, TRUE, '2018-02-04',4);
INSERT INTO ORDERED_BY
VALUES (38, 150, TRUE, '2018-02-05',5);
INSERT INTO ORDERED_BY
VALUES (39, 151, TRUE, '2018-02-06',6);
INSERT INTO ORDERED_BY
VALUES (40, 152, TRUE, '2018-03-04',7);
INSERT INTO ORDERED_BY
VALUES (41, 153, TRUE, '2018-03-05',8);
INSERT INTO ORDERED_BY
VALUES (42, 154, TRUE, '2018-03-06',9);
INSERT INTO ORDERED_BY
VALUES (43, 155, TRUE, '2018-04-04',10);
INSERT INTO ORDERED_BY
VALUES (44, 156, TRUE, '2018-04-05',11);
INSERT INTO ORDERED_BY
VALUES (45, 157, TRUE, '2018-04-06',12);
INSERT INTO ORDERED_BY
VALUES (46, 158, TRUE, '2018-05-04',13);
INSERT INTO ORDERED_BY
VALUES (47, 159, TRUE, '2018-05-05',14);
INSERT INTO ORDERED_BY
VALUES (48, 160, TRUE, '2018-05-06',15);
INSERT INTO ORDERED_BY
VALUES (49, 161, TRUE, '2018-06-04',16);
INSERT INTO ORDERED_BY
VALUES (49, 162, TRUE, '2018-06-05',17);
INSERT INTO ORDERED_BY
VALUES (50, 163, TRUE, '2018-06-06',18);
INSERT INTO ORDERED_BY
VALUES (50, 164, TRUE, '2018-07-04',19);

INSERT INTO ORDERED_BY
VALUES (51, 165, TRUE, '2018-07-05',20);
INSERT INTO ORDERED_BY
VALUES (51, 166, TRUE, '2018-07-06',1);
INSERT INTO ORDERED_BY
VALUES (51, 167, TRUE, '2018-08-04',2);
INSERT INTO ORDERED_BY
VALUES (52, 168, TRUE, '2018-08-05',3);
INSERT INTO ORDERED_BY
VALUES (52, 169, TRUE, '2018-08-06',4);
INSERT INTO ORDERED_BY
VALUES (52, 170, TRUE, '2018-09-04',5);
INSERT INTO ORDERED_BY
VALUES (53, 171, TRUE, '2018-09-05',6);
INSERT INTO ORDERED_BY
VALUES (53, 172, TRUE, '2018-09-06',7);
INSERT INTO ORDERED_BY
VALUES (53, 173, TRUE, '2018-10-04',8);
INSERT INTO ORDERED_BY
VALUES (54, 174, TRUE, '2018-10-05',9);
INSERT INTO ORDERED_BY
VALUES (54, 175, TRUE, '2018-10-06',10);
INSERT INTO ORDERED_BY
VALUES (54, 176, TRUE, '2018-11-04',11);
INSERT INTO ORDERED_BY
VALUES (55, 177, TRUE, '2018-11-05',12);
INSERT INTO ORDERED_BY
VALUES (55, 178, TRUE, '2018-11-06',13);
INSERT INTO ORDERED_BY
VALUES (55, 179, TRUE, '2018-12-04',14);




INSERT INTO INCLUDE
VALUES (1, 5,  21, 1);
INSERT INTO INCLUDE
VALUES (1, 5,  22, 1);
INSERT INTO INCLUDE
VALUES (1, 5,  34, 1);
INSERT INTO INCLUDE
VALUES (2, 5,  5, 1);
INSERT INTO INCLUDE
VALUES (2, 5,  10, 1);
INSERT INTO INCLUDE
VALUES (2, 5,  18, 1);
INSERT INTO INCLUDE
VALUES (3, 5,  9, 1);
INSERT INTO INCLUDE
VALUES (3, 5,  25, 1);
INSERT INTO INCLUDE
VALUES (3, 5,  39, 1);
INSERT INTO INCLUDE
VALUES (3, 5,  45, 1);
INSERT INTO INCLUDE
VALUES (4, 15,  1, 1);
INSERT INTO INCLUDE
VALUES (4, 15,  2, 1);
INSERT INTO INCLUDE
VALUES (4, 15,  19, 1);
INSERT INTO INCLUDE
VALUES (5, 15,  8, 1);
INSERT INTO INCLUDE
VALUES (5, 15,  10, 1);
INSERT INTO INCLUDE
VALUES (5, 15,  38, 1);
INSERT INTO INCLUDE
VALUES (6, 15,  9, 1);
INSERT INTO INCLUDE
VALUES (6, 15,  11, 1);
INSERT INTO INCLUDE
VALUES (6, 15,  18, 1);
INSERT INTO INCLUDE
VALUES (6, 15,  20, 1);

INSERT INTO INCLUDE
VALUES (7, 25,  2, 1);
INSERT INTO INCLUDE
VALUES (7, 25,  20, 1);
INSERT INTO INCLUDE
VALUES (7, 25,  21, 1);
INSERT INTO INCLUDE
VALUES (8, 25,  4, 1);
INSERT INTO INCLUDE
VALUES (8, 25,  5, 1);
INSERT INTO INCLUDE
VALUES (8, 25,  38, 1);
INSERT INTO INCLUDE
VALUES (9, 25,  15, 1);
INSERT INTO INCLUDE
VALUES (9, 25,  16, 1);
INSERT INTO INCLUDE
VALUES (9, 25,  24, 1);
INSERT INTO INCLUDE
VALUES (9, 25,  31, 1);

INSERT INTO INCLUDE
VALUES (10, 35,  5, 1);
INSERT INTO INCLUDE
VALUES (10, 35,  18, 1);
INSERT INTO INCLUDE
VALUES (10, 35,  19, 1);
INSERT INTO INCLUDE
VALUES (11, 35,  7, 1);
INSERT INTO INCLUDE
VALUES (11, 35,  35, 1);
INSERT INTO INCLUDE
VALUES (11, 35,  32, 1);
INSERT INTO INCLUDE
VALUES (12, 35,  21, 1);
INSERT INTO INCLUDE
VALUES (12, 35,  18, 1);
INSERT INTO INCLUDE
VALUES (12, 35,  6, 1);
INSERT INTO INCLUDE
VALUES (12, 35,  40, 1);

INSERT INTO INCLUDE
VALUES (13, 45,  41, 1);
INSERT INTO INCLUDE
VALUES (13, 45,  42, 1);
INSERT INTO INCLUDE
VALUES (13, 45,  44, 1);
INSERT INTO INCLUDE
VALUES (14, 45,  1, 3);
INSERT INTO INCLUDE
VALUES (15, 45,  25, 4);

INSERT INTO INCLUDE
VALUES (16, 1,  2, 1);
INSERT INTO INCLUDE
VALUES (16, 1,  20, 1);
INSERT INTO INCLUDE
VALUES (16, 1,  21, 1);
INSERT INTO INCLUDE
VALUES (17, 2,  15, 1);
INSERT INTO INCLUDE
VALUES (17, 2,  16, 1);
INSERT INTO INCLUDE
VALUES (17, 2,  24, 1);
INSERT INTO INCLUDE
VALUES (17, 2,  31, 1);
INSERT INTO INCLUDE
VALUES (18, 11,  20, 1);
INSERT INTO INCLUDE
VALUES (18, 11,  30, 1);
INSERT INTO INCLUDE
VALUES (19, 12,  4, 1);
INSERT INTO INCLUDE
VALUES (19, 12,  5, 1);
INSERT INTO INCLUDE
VALUES (19, 12,  8, 2);
INSERT INTO INCLUDE
VALUES (19, 12,  10, 1);
INSERT INTO INCLUDE
VALUES (19, 12,  38, 1);
INSERT INTO INCLUDE
VALUES (20, 21,  21, 2);
INSERT INTO INCLUDE
VALUES (20, 21,  22, 1);
INSERT INTO INCLUDE
VALUES (20, 21,  34, 1);
INSERT INTO INCLUDE
VALUES (20, 21,  41, 1);
INSERT INTO INCLUDE
VALUES (20, 21,  42, 1);
INSERT INTO INCLUDE
VALUES (20, 21,  44, 1);
INSERT INTO INCLUDE
VALUES (21, 22,  17, 1);
INSERT INTO INCLUDE
VALUES (22, 31,  9, 1);
INSERT INTO INCLUDE
VALUES (22, 31,  15, 1);
INSERT INTO INCLUDE
VALUES (22, 31,  16, 1);
INSERT INTO INCLUDE
VALUES (22, 31,  24, 1);
INSERT INTO INCLUDE
VALUES (22, 31,  25, 1);
INSERT INTO INCLUDE
VALUES (22, 31,  31, 1);
INSERT INTO INCLUDE
VALUES (22, 31,  39, 1);
INSERT INTO INCLUDE
VALUES (22, 31,  45, 1);
INSERT INTO INCLUDE
VALUES (23, 32,  1, 1);
INSERT INTO INCLUDE
VALUES (23, 32,  2, 1);
INSERT INTO INCLUDE
VALUES (23, 32,  3, 1);
INSERT INTO INCLUDE
VALUES (23, 32,  4, 1);
INSERT INTO INCLUDE
VALUES (23, 32,  5, 1);
INSERT INTO INCLUDE
VALUES (23, 32,  6, 1);
INSERT INTO INCLUDE
VALUES (23, 32,  7, 1);
INSERT INTO INCLUDE
VALUES (23, 32,  8, 1);
INSERT INTO INCLUDE
VALUES (23, 32,  9, 1);
INSERT INTO INCLUDE
VALUES (24, 41,  21, 1);
INSERT INTO INCLUDE
VALUES (24, 41,  22, 1);
INSERT INTO INCLUDE
VALUES (24, 41,  23, 1);
INSERT INTO INCLUDE
VALUES (24, 41,  24, 1);
INSERT INTO INCLUDE
VALUES (24, 41,  25, 1);
INSERT INTO INCLUDE
VALUES (25, 42,  31, 1);
INSERT INTO INCLUDE
VALUES (25, 42,  32, 1);
INSERT INTO INCLUDE
VALUES (25, 42,  33, 1);
INSERT INTO INCLUDE
VALUES (25, 42,  34, 1);
INSERT INTO INCLUDE
VALUES (25, 42,  35, 1);

INSERT INTO INCLUDE
VALUES (26, 4,  1, 1);
INSERT INTO INCLUDE
VALUES (27, 4,  2, 1);
INSERT INTO INCLUDE
VALUES (28, 4,  3, 1);
INSERT INTO INCLUDE
VALUES (29, 4,  4, 1);
INSERT INTO INCLUDE
VALUES (30, 4,  5, 1);
INSERT INTO INCLUDE
VALUES (31, 4,  6, 1);
INSERT INTO INCLUDE
VALUES (32, 4,  7, 1);
INSERT INTO INCLUDE
VALUES (33, 5,  8, 1);
INSERT INTO INCLUDE
VALUES (34, 5,  9, 1);

INSERT INTO INCLUDE
VALUES (35, 6,  10, 1);
INSERT INTO INCLUDE
VALUES (36, 6, 11, 1);
INSERT INTO INCLUDE
VALUES (37, 6,  12, 1);
INSERT INTO INCLUDE
VALUES (38, 6,  13, 1);
INSERT INTO INCLUDE
VALUES (39, 6,  14, 1);
INSERT INTO INCLUDE
VALUES (40, 6,  15, 1);
INSERT INTO INCLUDE
VALUES (41, 6,  16, 1);

INSERT INTO INCLUDE
VALUES (42, 7,  17, 1);
INSERT INTO INCLUDE
VALUES (43, 7, 18, 1);
INSERT INTO INCLUDE
VALUES (44, 7,  19, 1);
INSERT INTO INCLUDE
VALUES (45, 7,  20, 1);
INSERT INTO INCLUDE
VALUES (46, 7,  21, 1);
INSERT INTO INCLUDE
VALUES (47, 7,  22, 1);
INSERT INTO INCLUDE
VALUES (48, 7,  23, 1);

INSERT INTO INCLUDE
VALUES (49, 8, 24, 1);
INSERT INTO INCLUDE
VALUES (50, 8, 25, 1);
INSERT INTO INCLUDE
VALUES (51, 8,  26, 1);
INSERT INTO INCLUDE
VALUES (52, 8,  27, 1);
INSERT INTO INCLUDE
VALUES (53, 8,  28, 1);
INSERT INTO INCLUDE
VALUES (54, 8,  29, 1);
INSERT INTO INCLUDE
VALUES (55, 8,  30, 1);

INSERT INTO INCLUDE
VALUES (56, 9, 31, 1);
INSERT INTO INCLUDE
VALUES (57, 9, 32, 1);
INSERT INTO INCLUDE
VALUES (58, 9,  33, 1);
INSERT INTO INCLUDE
VALUES (59, 9,  34, 1);
INSERT INTO INCLUDE
VALUES (60, 9,  35, 1);
INSERT INTO INCLUDE
VALUES (61, 9,  36, 1);
INSERT INTO INCLUDE
VALUES (62, 9,  37, 1);

INSERT INTO INCLUDE
VALUES (63, 10, 38, 1);
INSERT INTO INCLUDE
VALUES (64, 10, 39, 1);
INSERT INTO INCLUDE
VALUES (65, 10,  40, 1);
INSERT INTO INCLUDE
VALUES (66, 10,  41, 1);
INSERT INTO INCLUDE
VALUES (67, 10,  42, 1);
INSERT INTO INCLUDE
VALUES (68, 10,  43, 1);
INSERT INTO INCLUDE
VALUES (69, 10,  44, 1);

INSERT INTO INCLUDE
VALUES (70, 11, 1, 1);
INSERT INTO INCLUDE
VALUES (71, 11, 11, 1);
INSERT INTO INCLUDE
VALUES (72, 11,  12, 1);
INSERT INTO INCLUDE
VALUES (73, 11,  21, 1);
INSERT INTO INCLUDE
VALUES (74, 11,  22, 1);
INSERT INTO INCLUDE
VALUES (75, 11,  31, 1);

INSERT INTO INCLUDE
VALUES (76, 12, 2, 1);
INSERT INTO INCLUDE
VALUES (77, 12, 32, 1);
INSERT INTO INCLUDE
VALUES (78, 12,  33, 1);
INSERT INTO INCLUDE
VALUES (79, 12,  41, 1);
INSERT INTO INCLUDE
VALUES (80, 12,  42, 1);
INSERT INTO INCLUDE
VALUES (81, 12,  43, 1);

INSERT INTO INCLUDE
VALUES (82, 13, 33, 1);
INSERT INTO INCLUDE
VALUES (83, 13, 34, 1);
INSERT INTO INCLUDE
VALUES (84, 13,  35, 1);
INSERT INTO INCLUDE
VALUES (85, 13,  26, 1);
INSERT INTO INCLUDE
VALUES (86, 13,  27, 1);
INSERT INTO INCLUDE
VALUES (87, 13,  28, 1);
INSERT INTO INCLUDE
VALUES (88, 13,  29, 1);

INSERT INTO INCLUDE
VALUES (89, 14, 13, 1);
INSERT INTO INCLUDE
VALUES (90, 14, 23, 1);
INSERT INTO INCLUDE
VALUES (91, 14,  43, 1);
INSERT INTO INCLUDE
VALUES (92, 14,  45, 1);
INSERT INTO INCLUDE
VALUES (93, 14,  10, 1);
INSERT INTO INCLUDE
VALUES (94, 14,  20, 1);
INSERT INTO INCLUDE
VALUES (95, 14,  30, 1);


INSERT INTO INCLUDE
VALUES (96, 15, 13, 1);
INSERT INTO INCLUDE
VALUES (97, 15, 23, 1);
INSERT INTO INCLUDE
VALUES (98, 15,  43, 1);
INSERT INTO INCLUDE
VALUES (99, 15,  45, 1);

INSERT INTO INCLUDE
VALUES (100, 16, 29, 1);
INSERT INTO INCLUDE
VALUES (101, 16, 30, 1);
INSERT INTO INCLUDE
VALUES (102, 16,  31, 1);
INSERT INTO INCLUDE
VALUES (103, 16,  32, 1);
INSERT INTO INCLUDE
VALUES (104, 16,  33, 1);
INSERT INTO INCLUDE
VALUES (105, 16,  34, 1);
INSERT INTO INCLUDE
VALUES (106, 16,  35, 1);

INSERT INTO INCLUDE
VALUES (107, 17, 36, 1);
INSERT INTO INCLUDE
VALUES (108, 17, 37, 1);
INSERT INTO INCLUDE
VALUES (109, 17,  38, 1);
INSERT INTO INCLUDE
VALUES (110, 17,  39, 1);
INSERT INTO INCLUDE
VALUES (111, 17,  40, 1);
INSERT INTO INCLUDE
VALUES (112, 17,  41, 1);
INSERT INTO INCLUDE
VALUES (113, 17,  42, 1);

INSERT INTO INCLUDE
VALUES (114, 18, 43, 1);
INSERT INTO INCLUDE
VALUES (115, 18, 44, 1);
INSERT INTO INCLUDE
VALUES (116, 18,  45, 1);
INSERT INTO INCLUDE
VALUES (117, 18,  1, 1);
INSERT INTO INCLUDE
VALUES (118, 18,  2, 1);
INSERT INTO INCLUDE
VALUES (119, 18,  3, 1);
INSERT INTO INCLUDE
VALUES (120, 18,  4, 1);

INSERT INTO INCLUDE
VALUES (121, 5, 10, 1);
INSERT INTO INCLUDE
VALUES (122, 5, 11, 1);
INSERT INTO INCLUDE
VALUES (123, 5,  12, 1);
INSERT INTO INCLUDE
VALUES (124, 5,  13, 1);
INSERT INTO INCLUDE
VALUES (125, 5,  14, 1);

INSERT INTO INCLUDE
VALUES (126, 15,  7, 1);
INSERT INTO INCLUDE
VALUES (127, 15,  14, 1);
INSERT INTO INCLUDE
VALUES (128, 15,  21, 1);
INSERT INTO INCLUDE
VALUES (129, 11,  32, 1);
INSERT INTO INCLUDE
VALUES (130, 12,  3, 1);

INSERT INTO INCLUDE
VALUES (131, 19,  19, 1);
INSERT INTO INCLUDE
VALUES (132, 20,  20, 1);
INSERT INTO INCLUDE
VALUES (133, 21,  21, 1);
INSERT INTO INCLUDE
VALUES (134, 22,  22, 1);
INSERT INTO INCLUDE
VALUES (135, 23,  23, 1);
INSERT INTO INCLUDE
VALUES (136, 24,  24, 1);
INSERT INTO INCLUDE
VALUES (137, 25,  25, 1);
INSERT INTO INCLUDE
VALUES (138, 26,  26, 1);
INSERT INTO INCLUDE
VALUES (139, 27,  27, 1);
INSERT INTO INCLUDE
VALUES (140, 28,  28, 1);
INSERT INTO INCLUDE
VALUES (141, 29,  29, 1);
INSERT INTO INCLUDE
VALUES (142, 30,  30, 1);
INSERT INTO INCLUDE
VALUES (143, 31,  31, 1);
INSERT INTO INCLUDE
VALUES (144, 32,  32, 1);
INSERT INTO INCLUDE
VALUES (145, 33,  33, 1);
INSERT INTO INCLUDE
VALUES (146, 34,  34, 1);
INSERT INTO INCLUDE
VALUES (147, 35,  35, 1);
INSERT INTO INCLUDE
VALUES (148, 36,  36, 1);
INSERT INTO INCLUDE
VALUES (149, 37,  37, 1);
INSERT INTO INCLUDE
VALUES (150, 38,  38, 1);
INSERT INTO INCLUDE
VALUES (151, 39,  39, 1);
INSERT INTO INCLUDE
VALUES (152, 40,  40, 1);
INSERT INTO INCLUDE
VALUES (153, 41,  41, 1);
INSERT INTO INCLUDE
VALUES (154, 42,  42, 1);
INSERT INTO INCLUDE
VALUES (155, 43,  43, 1);
INSERT INTO INCLUDE
VALUES (156, 44,  44, 1);
INSERT INTO INCLUDE
VALUES (157, 45,  45, 1);
INSERT INTO INCLUDE
VALUES (158, 46,  1, 1);
INSERT INTO INCLUDE
VALUES (159, 47,  2, 1);
INSERT INTO INCLUDE
VALUES (160, 48,  3, 1);

INSERT INTO INCLUDE
VALUES (161, 49,  5, 1);
INSERT INTO INCLUDE
VALUES (162, 49,  25, 1);
INSERT INTO INCLUDE
VALUES (163, 50,  8, 1);
INSERT INTO INCLUDE
VALUES (164, 50,  24, 1);
INSERT INTO INCLUDE
VALUES (165, 51,  2, 1);
INSERT INTO INCLUDE
VALUES (166, 51,  4, 1);
INSERT INTO INCLUDE
VALUES (167, 51,  8, 1);

INSERT INTO INCLUDE
VALUES (168, 52,  16, 1);
INSERT INTO INCLUDE
VALUES (169, 52,  29, 1);
INSERT INTO INCLUDE
VALUES (170, 52,  32, 1);

INSERT INTO INCLUDE
VALUES (171, 53,  28, 1);
INSERT INTO INCLUDE
VALUES (172, 53,  29, 1);
INSERT INTO INCLUDE
VALUES (173, 53,  30, 1);

INSERT INTO INCLUDE
VALUES (174, 54,  10, 1);
INSERT INTO INCLUDE
VALUES (175, 54,  11, 1);
INSERT INTO INCLUDE
VALUES (176, 54,  12, 1);

INSERT INTO INCLUDE
VALUES (177, 55,  20, 1);
INSERT INTO INCLUDE
VALUES (178, 55,  21, 1);
INSERT INTO INCLUDE
VALUES (179, 55,  22, 1);




INSERT INTO MANAGE
VALUES (1, '서울특별시', 1, 0);
INSERT INTO MANAGE
VALUES (1, '서울특별시', 2, 0);
INSERT INTO MANAGE
VALUES (1, '서울특별시', 3, 0);
INSERT INTO MANAGE
VALUES (1, '서울특별시', 4, 0);
INSERT INTO MANAGE
VALUES (1, '서울특별시', 5, 1);
INSERT INTO MANAGE
VALUES (1, '서울특별시', 6, 1);
INSERT INTO MANAGE
VALUES (1, '서울특별시', 7, 2);
INSERT INTO MANAGE
VALUES (1, '서울특별시', 8, 2);
INSERT INTO MANAGE
VALUES (1, '서울특별시', 9, 3);
INSERT INTO MANAGE
VALUES (1, '서울특별시', 10, 3);
INSERT INTO MANAGE
VALUES (1, '서울특별시', 11, 4);
INSERT INTO MANAGE
VALUES (1, '서울특별시', 12, 4);
INSERT INTO MANAGE
VALUES (1, '서울특별시', 13, 5);
INSERT INTO MANAGE
VALUES (1, '서울특별시', 14, 5);
INSERT INTO MANAGE
VALUES (1, '서울특별시', 15, 100);
INSERT INTO MANAGE
VALUES (1, '서울특별시', 16, 101);
INSERT INTO MANAGE
VALUES (1, '서울특별시', 17, 102);
INSERT INTO MANAGE
VALUES (1, '서울특별시', 18, 103);
INSERT INTO MANAGE
VALUES (1, '서울특별시', 19, 104);
INSERT INTO MANAGE
VALUES (1, '서울특별시', 25, 105);
INSERT INTO MANAGE
VALUES (1, '서울특별시', 20, 106);
INSERT INTO MANAGE
VALUES (1, '서울특별시', 21, 107);
INSERT INTO MANAGE
VALUES (1, '서울특별시', 22, 108);
INSERT INTO MANAGE
VALUES (1, '서울특별시', 23, 109);
INSERT INTO MANAGE
VALUES (1, '서울특별시', 24, 110);

INSERT INTO MANAGE
VALUES (2, '부산광역시', 15, 0);
INSERT INTO MANAGE
VALUES (2, '부산광역시', 16, 0);
INSERT INTO MANAGE
VALUES (2, '부산광역시', 17, 0);
INSERT INTO MANAGE
VALUES (2, '부산광역시', 18, 0);
INSERT INTO MANAGE
VALUES (2, '부산광역시', 19, 1);
INSERT INTO MANAGE
VALUES (2, '부산광역시', 20, 2);
INSERT INTO MANAGE
VALUES (2, '부산광역시', 21, 3);
INSERT INTO MANAGE
VALUES (2, '부산광역시', 22, 4);
INSERT INTO MANAGE
VALUES (2, '부산광역시', 23, 5);
INSERT INTO MANAGE
VALUES (2, '부산광역시', 24, 1);
INSERT INTO MANAGE
VALUES (2, '부산광역시', 25, 2);
INSERT INTO MANAGE
VALUES (2, '부산광역시', 26, 3);
INSERT INTO MANAGE
VALUES (2, '부산광역시', 27, 4);
INSERT INTO MANAGE
VALUES (2, '부산광역시', 28, 5);
INSERT INTO MANAGE
VALUES (2, '부산광역시', 29, 111);
INSERT INTO MANAGE
VALUES (2, '부산광역시', 30, 112);
INSERT INTO MANAGE
VALUES (2, '부산광역시', 31, 113);
INSERT INTO MANAGE
VALUES (2, '부산광역시', 32, 114);
INSERT INTO MANAGE
VALUES (2, '부산광역시', 33, 115);
INSERT INTO MANAGE
VALUES (2, '부산광역시', 34, 116);
INSERT INTO MANAGE
VALUES (2, '부산광역시', 35, 117);
INSERT INTO MANAGE
VALUES (2, '부산광역시', 36, 118);
INSERT INTO MANAGE
VALUES (2, '부산광역시', 37, 119);
INSERT INTO MANAGE
VALUES (2, '부산광역시', 38, 120);
INSERT INTO MANAGE
VALUES (3, '대구광역시', 16, 0);
INSERT INTO MANAGE
VALUES (3, '대구광역시', 17, 0);
INSERT INTO MANAGE
VALUES (3, '대구광역시', 18, 0);
INSERT INTO MANAGE
VALUES (3, '대구광역시', 19, 0);
INSERT INTO MANAGE
VALUES (3, '대구광역시', 20, 1);
INSERT INTO MANAGE
VALUES (3, '대구광역시', 21, 1);
INSERT INTO MANAGE
VALUES (3, '대구광역시', 22, 2);
INSERT INTO MANAGE
VALUES (3, '대구광역시', 23, 2);
INSERT INTO MANAGE
VALUES (3, '대구광역시', 24, 3);
INSERT INTO MANAGE
VALUES (3, '대구광역시', 25, 3);
INSERT INTO MANAGE
VALUES (3, '대구광역시', 26, 4);
INSERT INTO MANAGE
VALUES (3, '대구광역시', 27, 4);
INSERT INTO MANAGE
VALUES (3, '대구광역시', 28, 5);
INSERT INTO MANAGE
VALUES (3, '대구광역시', 29, 5);
INSERT INTO MANAGE
VALUES (3, '대구광역시', 30, 121);
INSERT INTO MANAGE
VALUES (3, '대구광역시', 31, 122);
INSERT INTO MANAGE
VALUES (3, '대구광역시', 32, 123);
INSERT INTO MANAGE
VALUES (3, '대구광역시', 33, 124);
INSERT INTO MANAGE
VALUES (3, '대구광역시', 34, 125);
INSERT INTO MANAGE
VALUES (3, '대구광역시', 35, 126);
INSERT INTO MANAGE
VALUES (3, '대구광역시', 36, 127);
INSERT INTO MANAGE
VALUES (3, '대구광역시', 37, 128);
INSERT INTO MANAGE
VALUES (3, '대구광역시', 38, 129);
INSERT INTO MANAGE
VALUES (3, '대구광역시', 39, 130);
INSERT INTO MANAGE
VALUES (4, '인천광역시', 17, 0);
INSERT INTO MANAGE
VALUES (4, '인천광역시', 18, 0);
INSERT INTO MANAGE
VALUES (4, '인천광역시', 19, 0);
INSERT INTO MANAGE
VALUES (4, '인천광역시', 20, 0);
INSERT INTO MANAGE
VALUES (4, '인천광역시', 21, 1);
INSERT INTO MANAGE
VALUES (4, '인천광역시', 22, 2);
INSERT INTO MANAGE
VALUES (4, '인천광역시', 23, 3);
INSERT INTO MANAGE
VALUES (4, '인천광역시', 24, 4);
INSERT INTO MANAGE
VALUES (4, '인천광역시', 25, 5);
INSERT INTO MANAGE
VALUES (4, '인천광역시', 26, 5);
INSERT INTO MANAGE
VALUES (4, '인천광역시', 27, 4);
INSERT INTO MANAGE
VALUES (4, '인천광역시', 28, 3);
INSERT INTO MANAGE
VALUES (4, '인천광역시', 29, 2);
INSERT INTO MANAGE
VALUES (4, '인천광역시', 30, 1);
INSERT INTO MANAGE
VALUES (4, '인천광역시', 31, 131);
INSERT INTO MANAGE
VALUES (4, '인천광역시', 32, 132);
INSERT INTO MANAGE
VALUES (4, '인천광역시', 33, 133);
INSERT INTO MANAGE
VALUES (4, '인천광역시', 34, 134);
INSERT INTO MANAGE
VALUES (4, '인천광역시', 35, 135);
INSERT INTO MANAGE
VALUES (4, '인천광역시', 36, 136);
INSERT INTO MANAGE
VALUES (4, '인천광역시', 37, 137);
INSERT INTO MANAGE
VALUES (4, '인천광역시', 38, 138);
INSERT INTO MANAGE
VALUES (4, '인천광역시', 39, 139);
INSERT INTO MANAGE
VALUES (4, '인천광역시', 40, 140);
INSERT INTO MANAGE
VALUES (5, '광주광역시', 18, 0);
INSERT INTO MANAGE
VALUES (5, '광주광역시', 19, 0);
INSERT INTO MANAGE
VALUES (5, '광주광역시', 20, 0);
INSERT INTO MANAGE
VALUES (5, '광주광역시', 21, 0);
INSERT INTO MANAGE
VALUES (5, '광주광역시', 22, 1);
INSERT INTO MANAGE
VALUES (5, '광주광역시', 23, 1);
INSERT INTO MANAGE
VALUES (5, '광주광역시', 24, 2);
INSERT INTO MANAGE
VALUES (5, '광주광역시', 25, 2);
INSERT INTO MANAGE
VALUES (5, '광주광역시', 26, 3);
INSERT INTO MANAGE
VALUES (5, '광주광역시', 27, 3);
INSERT INTO MANAGE
VALUES (5, '광주광역시', 28, 4);
INSERT INTO MANAGE
VALUES (5, '광주광역시', 29, 4);
INSERT INTO MANAGE
VALUES (5, '광주광역시', 30, 5);
INSERT INTO MANAGE
VALUES (5, '광주광역시', 31, 5);
INSERT INTO MANAGE
VALUES (5, '광주광역시', 32, 141);
INSERT INTO MANAGE
VALUES (5, '광주광역시', 33, 142);
INSERT INTO MANAGE
VALUES (5, '광주광역시', 34, 143);
INSERT INTO MANAGE
VALUES (5, '광주광역시', 35, 144);
INSERT INTO MANAGE
VALUES (5, '광주광역시', 36, 145);
INSERT INTO MANAGE
VALUES (5, '광주광역시', 37, 146);
INSERT INTO MANAGE
VALUES (5, '광주광역시', 38, 147);
INSERT INTO MANAGE
VALUES (5, '광주광역시', 39, 148);
INSERT INTO MANAGE
VALUES (5, '광주광역시', 40, 149);
INSERT INTO MANAGE
VALUES (5, '광주광역시', 41, 150);
INSERT INTO MANAGE
VALUES (6, '대전광역시', 19, 0);
INSERT INTO MANAGE
VALUES (6, '대전광역시', 20, 0);
INSERT INTO MANAGE
VALUES (6, '대전광역시', 21, 0);
INSERT INTO MANAGE
VALUES (6, '대전광역시', 22, 0);
INSERT INTO MANAGE
VALUES (6, '대전광역시', 23, 1);
INSERT INTO MANAGE
VALUES (6, '대전광역시', 24, 2);
INSERT INTO MANAGE
VALUES (6, '대전광역시', 25, 3);
INSERT INTO MANAGE
VALUES (6, '대전광역시', 26, 4);
INSERT INTO MANAGE
VALUES (6, '대전광역시', 27, 5);
INSERT INTO MANAGE
VALUES (6, '대전광역시', 28, 5);
INSERT INTO MANAGE
VALUES (6, '대전광역시', 29, 4);
INSERT INTO MANAGE
VALUES (6, '대전광역시', 30, 3);
INSERT INTO MANAGE
VALUES (6, '대전광역시', 31, 2);
INSERT INTO MANAGE
VALUES (6, '대전광역시', 32, 1);
INSERT INTO MANAGE
VALUES (6, '대전광역시', 33, 151);
INSERT INTO MANAGE
VALUES (6, '대전광역시', 34, 152);
INSERT INTO MANAGE
VALUES (6, '대전광역시', 35, 153);
INSERT INTO MANAGE
VALUES (6, '대전광역시', 36, 154);
INSERT INTO MANAGE
VALUES (6, '대전광역시', 37, 155);
INSERT INTO MANAGE
VALUES (6, '대전광역시', 38, 156);
INSERT INTO MANAGE
VALUES (6, '대전광역시', 39, 157);
INSERT INTO MANAGE
VALUES (6, '대전광역시', 40, 158);
INSERT INTO MANAGE
VALUES (6, '대전광역시', 41, 159);
INSERT INTO MANAGE
VALUES (6, '대전광역시', 42, 160);

INSERT INTO MANAGE
VALUES (7, '울산광역시', 20, 0);
INSERT INTO MANAGE
VALUES (7, '울산광역시', 21, 0);
INSERT INTO MANAGE
VALUES (7, '울산광역시', 22, 0);
INSERT INTO MANAGE
VALUES (7, '울산광역시', 23, 0);
INSERT INTO MANAGE
VALUES (7, '울산광역시', 24, 1);
INSERT INTO MANAGE
VALUES (7, '울산광역시', 25, 1);
INSERT INTO MANAGE
VALUES (7, '울산광역시', 26, 2);
INSERT INTO MANAGE
VALUES (7, '울산광역시', 27, 2);
INSERT INTO MANAGE
VALUES (7, '울산광역시', 28, 3);
INSERT INTO MANAGE
VALUES (7, '울산광역시', 29, 3);
INSERT INTO MANAGE
VALUES (7, '울산광역시', 30, 4);
INSERT INTO MANAGE
VALUES (7, '울산광역시', 31, 4);
INSERT INTO MANAGE
VALUES (7, '울산광역시', 32, 5);
INSERT INTO MANAGE
VALUES (7, '울산광역시', 33, 5);
INSERT INTO MANAGE
VALUES (7, '울산광역시', 34, 161);
INSERT INTO MANAGE
VALUES (7, '울산광역시', 35, 162);
INSERT INTO MANAGE
VALUES (7, '울산광역시', 36, 163);
INSERT INTO MANAGE
VALUES (7, '울산광역시', 37, 164);
INSERT INTO MANAGE
VALUES (7, '울산광역시', 38, 165);
INSERT INTO MANAGE
VALUES (7, '울산광역시', 39, 166);
INSERT INTO MANAGE
VALUES (7, '울산광역시', 40, 167);
INSERT INTO MANAGE
VALUES (7, '울산광역시', 41, 168);
INSERT INTO MANAGE
VALUES (7, '울산광역시', 42, 169);
INSERT INTO MANAGE
VALUES (7, '울산광역시', 43, 170);

INSERT INTO MANAGE
VALUES (8, '세종특별자치시', 21, 0);
INSERT INTO MANAGE
VALUES (8, '세종특별자치시', 22, 0);
INSERT INTO MANAGE
VALUES (8, '세종특별자치시', 23, 0);
INSERT INTO MANAGE
VALUES (8, '세종특별자치시', 24, 0);
INSERT INTO MANAGE
VALUES (8, '세종특별자치시', 25, 1);
INSERT INTO MANAGE
VALUES (8, '세종특별자치시', 26, 2);
INSERT INTO MANAGE
VALUES (8, '세종특별자치시', 27, 3);
INSERT INTO MANAGE
VALUES (8, '세종특별자치시', 28, 4);
INSERT INTO MANAGE
VALUES (8, '세종특별자치시', 29, 5);
INSERT INTO MANAGE
VALUES (8, '세종특별자치시', 30, 5);
INSERT INTO MANAGE
VALUES (8, '세종특별자치시', 31, 4);
INSERT INTO MANAGE
VALUES (8, '세종특별자치시', 32, 3);
INSERT INTO MANAGE
VALUES (8, '세종특별자치시', 33, 2);
INSERT INTO MANAGE
VALUES (8, '세종특별자치시', 34, 1);
INSERT INTO MANAGE
VALUES (8, '세종특별자치시', 35, 171);
INSERT INTO MANAGE
VALUES (8, '세종특별자치시', 36, 172);
INSERT INTO MANAGE
VALUES (8, '세종특별자치시', 37, 173);
INSERT INTO MANAGE
VALUES (8, '세종특별자치시', 38, 174);
INSERT INTO MANAGE
VALUES (8, '세종특별자치시', 39, 175);
INSERT INTO MANAGE
VALUES (8, '세종특별자치시', 40, 176);
INSERT INTO MANAGE
VALUES (8, '세종특별자치시', 41, 177);
INSERT INTO MANAGE
VALUES (8, '세종특별자치시', 42, 178);
INSERT INTO MANAGE
VALUES (8, '세종특별자치시', 43, 179);
INSERT INTO MANAGE
VALUES (8, '세종특별자치시', 44, 180);

INSERT INTO MANAGE
VALUES (9, '경기도', 22, 0);
INSERT INTO MANAGE
VALUES (9, '경기도', 23, 0);
INSERT INTO MANAGE
VALUES (9, '경기도', 24, 0);
INSERT INTO MANAGE
VALUES (9, '경기도', 25, 0);
INSERT INTO MANAGE
VALUES (9, '경기도', 26, 1);
INSERT INTO MANAGE
VALUES (9, '경기도', 27, 1);
INSERT INTO MANAGE
VALUES (9, '경기도', 28, 2);
INSERT INTO MANAGE
VALUES (9, '경기도', 29, 2);
INSERT INTO MANAGE
VALUES (9, '경기도', 30, 3);
INSERT INTO MANAGE
VALUES (9, '경기도', 31, 3);
INSERT INTO MANAGE
VALUES (9, '경기도', 32, 4);
INSERT INTO MANAGE
VALUES (9, '경기도', 33, 4);
INSERT INTO MANAGE
VALUES (9, '경기도', 34, 5);
INSERT INTO MANAGE
VALUES (9, '경기도', 35, 5);
INSERT INTO MANAGE
VALUES (9, '경기도', 36, 181);
INSERT INTO MANAGE
VALUES (9, '경기도', 37, 182);
INSERT INTO MANAGE
VALUES (9, '경기도', 38, 183);
INSERT INTO MANAGE
VALUES (9, '경기도', 39, 184);
INSERT INTO MANAGE
VALUES (9, '경기도', 40, 185);
INSERT INTO MANAGE
VALUES (9, '경기도', 41, 186);
INSERT INTO MANAGE
VALUES (9, '경기도', 42, 187);
INSERT INTO MANAGE
VALUES (9, '경기도', 43, 188);
INSERT INTO MANAGE
VALUES (9, '경기도', 44, 189);
INSERT INTO MANAGE
VALUES (9, '경기도', 45, 190);

INSERT INTO MANAGE
VALUES (10, '강원도', 21, 0);
INSERT INTO MANAGE
VALUES (10, '강원도', 22, 0);
INSERT INTO MANAGE
VALUES (10, '강원도', 23, 0);
INSERT INTO MANAGE
VALUES (10, '강원도', 24, 0);
INSERT INTO MANAGE
VALUES (10, '강원도', 25, 5);
INSERT INTO MANAGE
VALUES (10, '강원도', 26, 5);
INSERT INTO MANAGE
VALUES (10, '강원도', 27, 4);
INSERT INTO MANAGE
VALUES (10, '강원도', 28, 4);
INSERT INTO MANAGE
VALUES (10, '강원도', 29, 3);
INSERT INTO MANAGE
VALUES (10, '강원도', 30, 3);
INSERT INTO MANAGE
VALUES (10, '강원도', 31, 2);
INSERT INTO MANAGE
VALUES (10, '강원도', 32, 2);
INSERT INTO MANAGE
VALUES (10, '강원도', 33, 1);
INSERT INTO MANAGE
VALUES (10, '강원도', 34, 1);
INSERT INTO MANAGE
VALUES (10, '강원도', 35, 190);
INSERT INTO MANAGE
VALUES (10, '강원도', 36, 189);
INSERT INTO MANAGE
VALUES (10, '강원도', 37, 188);
INSERT INTO MANAGE
VALUES (10, '강원도', 38, 187);
INSERT INTO MANAGE
VALUES (10, '강원도', 39, 186);
INSERT INTO MANAGE
VALUES (10, '강원도', 40, 185);
INSERT INTO MANAGE
VALUES (10, '강원도', 41, 184);
INSERT INTO MANAGE
VALUES (10, '강원도', 42, 183);
INSERT INTO MANAGE
VALUES (10, '강원도', 43, 182);
INSERT INTO MANAGE
VALUES (10, '강원도', 44, 181);

INSERT INTO MANAGE
VALUES (11, '충청북도', 20, 0);
INSERT INTO MANAGE
VALUES (11, '충청북도', 21, 0);
INSERT INTO MANAGE
VALUES (11, '충청북도', 22, 0);
INSERT INTO MANAGE
VALUES (11, '충청북도', 23, 0);
INSERT INTO MANAGE
VALUES (11, '충청북도', 24, 5);
INSERT INTO MANAGE
VALUES (11, '충청북도', 25, 4);
INSERT INTO MANAGE
VALUES (11, '충청북도', 26, 3);
INSERT INTO MANAGE
VALUES (11, '충청북도', 27, 2);
INSERT INTO MANAGE
VALUES (11, '충청북도', 28, 1);
INSERT INTO MANAGE
VALUES (11, '충청북도', 29, 1);
INSERT INTO MANAGE
VALUES (11, '충청북도', 30, 2);
INSERT INTO MANAGE
VALUES (11, '충청북도', 31, 3);
INSERT INTO MANAGE
VALUES (11, '충청북도', 32, 4);
INSERT INTO MANAGE
VALUES (11, '충청북도', 33, 5);
INSERT INTO MANAGE
VALUES (11, '충청북도', 34, 180);
INSERT INTO MANAGE
VALUES (11, '충청북도', 35, 179);
INSERT INTO MANAGE
VALUES (11, '충청북도', 36, 178);
INSERT INTO MANAGE
VALUES (11, '충청북도', 37, 177);
INSERT INTO MANAGE
VALUES (11, '충청북도', 38, 176);
INSERT INTO MANAGE
VALUES (11, '충청북도', 39, 175);
INSERT INTO MANAGE
VALUES (11, '충청북도', 40, 174);
INSERT INTO MANAGE
VALUES (11, '충청북도', 41, 173);
INSERT INTO MANAGE
VALUES (11, '충청북도', 42, 172);
INSERT INTO MANAGE
VALUES (11, '충청북도', 43, 171);

INSERT INTO MANAGE
VALUES (12, '충청남도', 19, 0);
INSERT INTO MANAGE
VALUES (12, '충청남도', 20, 0);
INSERT INTO MANAGE
VALUES (12, '충청남도', 21, 0);
INSERT INTO MANAGE
VALUES (12, '충청남도', 22, 0);
INSERT INTO MANAGE
VALUES (12, '충청남도', 23, 1);
INSERT INTO MANAGE
VALUES (12, '충청남도', 24, 2);
INSERT INTO MANAGE
VALUES (12, '충청남도', 25, 3);
INSERT INTO MANAGE
VALUES (12, '충청남도', 26, 4);
INSERT INTO MANAGE
VALUES (12, '충청남도', 27, 5);
INSERT INTO MANAGE
VALUES (12, '충청남도', 28, 1);
INSERT INTO MANAGE
VALUES (12, '충청남도', 29, 2);
INSERT INTO MANAGE
VALUES (12, '충청남도', 30, 3);
INSERT INTO MANAGE
VALUES (12, '충청남도', 31, 4);
INSERT INTO MANAGE
VALUES (12, '충청남도', 32, 5);
INSERT INTO MANAGE
VALUES (12, '충청남도', 33, 170);
INSERT INTO MANAGE
VALUES (12, '충청남도', 34, 169);
INSERT INTO MANAGE
VALUES (12, '충청남도', 35, 168);
INSERT INTO MANAGE
VALUES (12, '충청남도', 36, 167);
INSERT INTO MANAGE
VALUES (12, '충청남도', 37, 166);
INSERT INTO MANAGE
VALUES (12, '충청남도', 38, 165);
INSERT INTO MANAGE
VALUES (12, '충청남도', 39, 164);
INSERT INTO MANAGE
VALUES (12, '충청남도', 40, 163);
INSERT INTO MANAGE
VALUES (12, '충청남도', 41, 162);
INSERT INTO MANAGE
VALUES (12, '충청남도', 42, 161);

INSERT INTO MANAGE
VALUES (13, '전라북도', 18, 0);
INSERT INTO MANAGE
VALUES (13, '전라북도', 19, 0);
INSERT INTO MANAGE
VALUES (13, '전라북도', 20, 0);
INSERT INTO MANAGE
VALUES (13, '전라북도', 21, 0);
INSERT INTO MANAGE
VALUES (13, '전라북도', 22, 5);
INSERT INTO MANAGE
VALUES (13, '전라북도', 23, 4);
INSERT INTO MANAGE
VALUES (13, '전라북도', 24, 3);
INSERT INTO MANAGE
VALUES (13, '전라북도', 25, 2);
INSERT INTO MANAGE
VALUES (13, '전라북도', 26, 1);
INSERT INTO MANAGE
VALUES (13, '전라북도', 27, 5);
INSERT INTO MANAGE
VALUES (13, '전라북도', 28, 4);
INSERT INTO MANAGE
VALUES (13, '전라북도', 29, 3);
INSERT INTO MANAGE
VALUES (13, '전라북도', 30, 2);
INSERT INTO MANAGE
VALUES (13, '전라북도', 31, 1);
INSERT INTO MANAGE
VALUES (13, '전라북도', 32, 160);
INSERT INTO MANAGE
VALUES (13, '전라북도', 33, 159);
INSERT INTO MANAGE
VALUES (13, '전라북도', 34, 158);
INSERT INTO MANAGE
VALUES (13, '전라북도', 35, 157);
INSERT INTO MANAGE
VALUES (13, '전라북도', 36, 156);
INSERT INTO MANAGE
VALUES (13, '전라북도', 37, 155);
INSERT INTO MANAGE
VALUES (13, '전라북도', 38, 154);
INSERT INTO MANAGE
VALUES (13, '전라북도', 39, 153);
INSERT INTO MANAGE
VALUES (13, '전라북도', 40, 152);
INSERT INTO MANAGE
VALUES (13, '전라북도', 41, 151);

INSERT INTO MANAGE
VALUES (14, '전라남도', 17, 0);
INSERT INTO MANAGE
VALUES (14, '전라남도', 18, 0);
INSERT INTO MANAGE
VALUES (14, '전라남도', 19, 0);
INSERT INTO MANAGE
VALUES (14, '전라남도', 20, 0);
INSERT INTO MANAGE
VALUES (14, '전라남도', 21, 1);
INSERT INTO MANAGE
VALUES (14, '전라남도', 22, 1);
INSERT INTO MANAGE
VALUES (14, '전라남도', 23, 2);
INSERT INTO MANAGE
VALUES (14, '전라남도', 24, 2);
INSERT INTO MANAGE
VALUES (14, '전라남도', 25, 3);
INSERT INTO MANAGE
VALUES (14, '전라남도', 26, 3);
INSERT INTO MANAGE
VALUES (14, '전라남도', 27, 4);
INSERT INTO MANAGE
VALUES (14, '전라남도', 28, 4);
INSERT INTO MANAGE
VALUES (14, '전라남도', 29, 5);
INSERT INTO MANAGE
VALUES (14, '전라남도', 30, 5);
INSERT INTO MANAGE
VALUES (14, '전라남도', 31, 150);
INSERT INTO MANAGE
VALUES (14, '전라남도', 32, 149);
INSERT INTO MANAGE
VALUES (14, '전라남도', 33, 148);
INSERT INTO MANAGE
VALUES (14, '전라남도', 34, 147);
INSERT INTO MANAGE
VALUES (14, '전라남도', 35, 146);
INSERT INTO MANAGE
VALUES (14, '전라남도', 36, 145);
INSERT INTO MANAGE
VALUES (14, '전라남도', 37, 144);
INSERT INTO MANAGE
VALUES (14, '전라남도', 38, 143);
INSERT INTO MANAGE
VALUES (14, '전라남도', 39, 142);
INSERT INTO MANAGE
VALUES (14, '전라남도', 40, 141);

INSERT INTO MANAGE
VALUES (15, '경상북도', 16, 0);
INSERT INTO MANAGE
VALUES (15, '경상북도', 17, 0);
INSERT INTO MANAGE
VALUES (15, '경상북도', 18, 0);
INSERT INTO MANAGE
VALUES (15, '경상북도', 19, 0);
INSERT INTO MANAGE
VALUES (15, '경상북도', 20, 5);
INSERT INTO MANAGE
VALUES (15, '경상북도', 21, 5);
INSERT INTO MANAGE
VALUES (15, '경상북도', 22, 4);
INSERT INTO MANAGE
VALUES (15, '경상북도', 23, 4);
INSERT INTO MANAGE
VALUES (15, '경상북도', 24, 3);
INSERT INTO MANAGE
VALUES (15, '경상북도', 25, 3);
INSERT INTO MANAGE
VALUES (15, '경상북도', 26, 2);
INSERT INTO MANAGE
VALUES (15, '경상북도', 27, 2);
INSERT INTO MANAGE
VALUES (15, '경상북도', 28, 1);
INSERT INTO MANAGE
VALUES (15, '경상북도', 29, 1);
INSERT INTO MANAGE
VALUES (15, '경상북도', 30, 140);
INSERT INTO MANAGE
VALUES (15, '경상북도', 31, 139);
INSERT INTO MANAGE
VALUES (15, '경상북도', 32, 138);
INSERT INTO MANAGE
VALUES (15, '경상북도', 33, 137);
INSERT INTO MANAGE
VALUES (15, '경상북도', 34, 136);
INSERT INTO MANAGE
VALUES (15, '경상북도', 35, 135);
INSERT INTO MANAGE
VALUES (15, '경상북도', 36, 134);
INSERT INTO MANAGE
VALUES (15, '경상북도', 37, 133);
INSERT INTO MANAGE
VALUES (15, '경상북도', 38, 132);
INSERT INTO MANAGE
VALUES (15, '경상북도', 39, 131);

INSERT INTO MANAGE
VALUES (16, '경상남도', 15, 0);
INSERT INTO MANAGE
VALUES (16, '경상남도', 16, 0);
INSERT INTO MANAGE
VALUES (16, '경상남도', 17, 0);
INSERT INTO MANAGE
VALUES (16, '경상남도', 18, 0);
INSERT INTO MANAGE
VALUES (16, '경상남도', 19, 1);
INSERT INTO MANAGE
VALUES (16, '경상남도', 20, 2);
INSERT INTO MANAGE
VALUES (16, '경상남도', 21, 3);
INSERT INTO MANAGE
VALUES (16, '경상남도', 22, 4);
INSERT INTO MANAGE
VALUES (16, '경상남도', 23, 5);
INSERT INTO MANAGE
VALUES (16, '경상남도', 24, 1);
INSERT INTO MANAGE
VALUES (16, '경상남도', 25,2);
INSERT INTO MANAGE
VALUES (16, '경상남도', 26, 3);
INSERT INTO MANAGE
VALUES (16, '경상남도', 27, 4);
INSERT INTO MANAGE
VALUES (16, '경상남도', 28,5);
INSERT INTO MANAGE
VALUES (16, '경상남도', 29, 130);
INSERT INTO MANAGE
VALUES (16, '경상남도', 30, 129);
INSERT INTO MANAGE
VALUES (16, '경상남도', 31, 128);
INSERT INTO MANAGE
VALUES (16, '경상남도', 32, 127);
INSERT INTO MANAGE
VALUES (16, '경상남도', 33, 126);
INSERT INTO MANAGE
VALUES (16, '경상남도', 34, 125);
INSERT INTO MANAGE
VALUES (16, '경상남도', 35, 124);
INSERT INTO MANAGE
VALUES (16, '경상남도', 36, 123);
INSERT INTO MANAGE
VALUES (16, '경상남도', 37, 122);
INSERT INTO MANAGE
VALUES (16, '경상남도', 38, 121);

INSERT INTO MANAGE
VALUES (17, '제주특별자치도', 16, 0);
INSERT INTO MANAGE
VALUES (17, '제주특별자치도', 17, 0);
INSERT INTO MANAGE
VALUES (17, '제주특별자치도', 18, 0);
INSERT INTO MANAGE
VALUES (17, '제주특별자치도', 19, 0);
INSERT INTO MANAGE
VALUES (17, '제주특별자치도', 20, 1);
INSERT INTO MANAGE
VALUES (17, '제주특별자치도', 21, 1);
INSERT INTO MANAGE
VALUES (17, '제주특별자치도', 22, 2);
INSERT INTO MANAGE
VALUES (17, '제주특별자치도', 23, 2);
INSERT INTO MANAGE
VALUES (17, '제주특별자치도', 24, 3);
INSERT INTO MANAGE
VALUES (17, '제주특별자치도', 25, 3);
INSERT INTO MANAGE
VALUES (17, '제주특별자치도', 26, 4);
INSERT INTO MANAGE
VALUES (17, '제주특별자치도', 27, 4);
INSERT INTO MANAGE
VALUES (17, '제주특별자치도', 28, 5);
INSERT INTO MANAGE
VALUES (17, '제주특별자치도', 29, 5);
INSERT INTO MANAGE
VALUES (17, '제주특별자치도', 30, 120);
INSERT INTO MANAGE
VALUES (17, '제주특별자치도', 31, 119);
INSERT INTO MANAGE
VALUES (17, '제주특별자치도', 32, 118);
INSERT INTO MANAGE
VALUES (17, '제주특별자치도', 33, 117);
INSERT INTO MANAGE
VALUES (17, '제주특별자치도', 34, 116);
INSERT INTO MANAGE
VALUES (17, '제주특별자치도', 35, 115);
INSERT INTO MANAGE
VALUES (17, '제주특별자치도', 36, 114);
INSERT INTO MANAGE
VALUES (17, '제주특별자치도', 37, 113);
INSERT INTO MANAGE
VALUES (17, '제주특별자치도', 38, 112);
INSERT INTO MANAGE
VALUES (17, '제주특별자치도', 39, 111);

INSERT INTO MANAGE
VALUES (18, '서울2점', 17, 0);
INSERT INTO MANAGE
VALUES (18, '서울2점', 18, 0);
INSERT INTO MANAGE
VALUES (18, '서울2점', 19, 0);
INSERT INTO MANAGE
VALUES (18, '서울2점', 20, 0);
INSERT INTO MANAGE
VALUES (18, '서울2점', 21, 1);
INSERT INTO MANAGE
VALUES (18, '서울2점', 22, 1);
INSERT INTO MANAGE
VALUES (18, '서울2점', 23, 2);
INSERT INTO MANAGE
VALUES (18, '서울2점', 24, 2);
INSERT INTO MANAGE
VALUES (18, '서울2점', 25, 3);
INSERT INTO MANAGE
VALUES (18, '서울2점', 26, 3);
INSERT INTO MANAGE
VALUES (18, '서울2점', 27, 4);
INSERT INTO MANAGE
VALUES (18, '서울2점', 28, 4);
INSERT INTO MANAGE
VALUES (18, '서울2점', 29, 5);
INSERT INTO MANAGE
VALUES (18, '서울2점', 30, 5);
INSERT INTO MANAGE
VALUES (18, '서울2점', 31, 110);
INSERT INTO MANAGE
VALUES (18, '서울2점', 32, 109);
INSERT INTO MANAGE
VALUES (18, '서울2점', 33, 108);
INSERT INTO MANAGE
VALUES (18, '서울2점', 34, 107);
INSERT INTO MANAGE
VALUES (18, '서울2점', 35, 106);
INSERT INTO MANAGE
VALUES (18, '서울2점', 36, 105);
INSERT INTO MANAGE
VALUES (18, '서울2점', 37, 104);
INSERT INTO MANAGE
VALUES (18, '서울2점', 38, 103);
INSERT INTO MANAGE
VALUES (18, '서울2점', 39, 102);
INSERT INTO MANAGE
VALUES (18, '서울2점', 40, 101);

INSERT INTO MANAGE
VALUES (19, '부산2점', 18, 0);
INSERT INTO MANAGE
VALUES (19, '부산2점', 19, 0);
INSERT INTO MANAGE
VALUES (19, '부산2점', 20, 0);
INSERT INTO MANAGE
VALUES (19, '부산2점', 21, 0);
INSERT INTO MANAGE
VALUES (19, '부산2점', 22, 5);
INSERT INTO MANAGE
VALUES (19, '부산2점', 23, 5);
INSERT INTO MANAGE
VALUES (19, '부산2점', 24, 4);
INSERT INTO MANAGE
VALUES (19, '부산2점', 25, 4);
INSERT INTO MANAGE
VALUES (19, '부산2점', 26, 3);
INSERT INTO MANAGE
VALUES (19, '부산2점', 27, 3);
INSERT INTO MANAGE
VALUES (19, '부산2점', 28, 2);
INSERT INTO MANAGE
VALUES (19, '부산2점', 29, 2);
INSERT INTO MANAGE
VALUES (19, '부산2점', 30, 1);
INSERT INTO MANAGE
VALUES (19, '부산2점', 31, 1);
INSERT INTO MANAGE
VALUES (19, '부산2점', 32, 101);
INSERT INTO MANAGE
VALUES (19, '부산2점', 33, 102);
INSERT INTO MANAGE
VALUES (19, '부산2점', 34, 103);
INSERT INTO MANAGE
VALUES (19, '부산2점', 35, 104);
INSERT INTO MANAGE
VALUES (19, '부산2점', 36, 105);
INSERT INTO MANAGE
VALUES (19, '부산2점', 37, 106);
INSERT INTO MANAGE
VALUES (19, '부산2점', 38, 107);
INSERT INTO MANAGE
VALUES (19, '부산2점', 39, 108);
INSERT INTO MANAGE
VALUES (19, '부산2점', 40, 109);
INSERT INTO MANAGE
VALUES (19, '부산2점', 41, 110);

INSERT INTO MANAGE
VALUES (20, '대구2점', 19, 0);
INSERT INTO MANAGE
VALUES (20, '대구2점', 20, 0);
INSERT INTO MANAGE
VALUES (20, '대구2점', 21, 0);
INSERT INTO MANAGE
VALUES (20, '대구2점', 22, 0);
INSERT INTO MANAGE
VALUES (20, '대구2점', 23, 1);
INSERT INTO MANAGE
VALUES (20, '대구2점', 24, 2);
INSERT INTO MANAGE
VALUES (20, '대구2점', 25, 3);
INSERT INTO MANAGE
VALUES (20, '대구2점', 26, 4);
INSERT INTO MANAGE
VALUES (20, '대구2점', 27, 5);
INSERT INTO MANAGE
VALUES (20, '대구2점', 28, 5);
INSERT INTO MANAGE
VALUES (20, '대구2점', 29, 4);
INSERT INTO MANAGE
VALUES (20, '대구2점', 30, 3);
INSERT INTO MANAGE
VALUES (20, '대구2점', 31, 2);
INSERT INTO MANAGE
VALUES (20, '대구2점', 32, 1);
INSERT INTO MANAGE
VALUES (20, '대구2점', 33, 111);
INSERT INTO MANAGE
VALUES (20, '대구2점', 34, 112);
INSERT INTO MANAGE
VALUES (20, '대구2점', 35, 113);
INSERT INTO MANAGE
VALUES (20, '대구2점', 36, 114);
INSERT INTO MANAGE
VALUES (20, '대구2점', 37, 115);
INSERT INTO MANAGE
VALUES (20, '대구2점', 38, 116);
INSERT INTO MANAGE
VALUES (20, '대구2점', 39, 117);
INSERT INTO MANAGE
VALUES (20, '대구2점', 40, 118);
INSERT INTO MANAGE
VALUES (20, '대구2점', 41, 119);
INSERT INTO MANAGE
VALUES (20, '대구2점', 42, 120);


#Q1
SELECT COUNT(temp.total) as Under20_count
FROM (
	SELECT Item_id, SUM(Stock) AS total
	FROM MANAGE NATURAL JOIN ITEM
	GROUP BY Item_id ) temp
WHERE total <= 20;

#Q2
SELECT COUNT(*) as 'People_count'
FROM CUSTOMER;

#Q3
SELECT User_id
FROM CUSTOMER NATURAL JOIN ORDERED_BY
WHERE Is_ordered = TRUE
GROUP BY User_id
HAVING COUNT(*) >= 7;

#Q4
SELECT Store_idx, COUNT(Store_idx) AS ORDER_COUNT
FROM (
	SELECT *
	FROM ORDERED_BY
	WHERE Is_ordered = TRUE
	AND ORDERED_BY.When_ordered >= SUBDATE(NOW(), INTERVAL 6 MONTH)
	AND ORDERED_BY.When_ordered <= DATE(NOW())) TEMP
GROUP BY Store_idx
ORDER BY ORDER_COUNT DESC
LIMIT 3;

#Q5
SELECT Item_id, Name
FROM ITEM
WHERE Item_id = (

	SELECT Item_id
	FROM (
		SELECT Item_id, SUM(Stock) as total
		FROM (  SELECT User_id
			FROM CUSTOMER NATURAL JOIN ORDERED_BY
			WHERE Is_ordered = TRUE
			GROUP BY User_id
			HAVING COUNT(*) >= 7) TU,
			(SELECT User_id, Bag_idx
			FROM ORDERED_BY NATURAL JOIN SHOPPINGBAG
			WHERE Is_ordered = TRUE) TEMP NATURAL JOIN INCLUDE
		WHERE TU.User_id = TEMP.User_id
		GROUP BY Item_id
		) temp
	WHERE temp.total = (SELECT MAX(SUMM) FROM
	(
		SELECT Item_id, SUM(Stock) AS SUMM FROM
		(
			SELECT User_id
			FROM CUSTOMER NATURAL JOIN ORDERED_BY
			WHERE Is_ordered = TRUE
			GROUP BY User_id
			HAVING COUNT(*) >= 7) TU,
			(SELECT User_id, Bag_idx
			FROM ORDERED_BY NATURAL JOIN SHOPPINGBAG
			WHERE Is_ordered = TRUE) TEMP NATURAL JOIN INCLUDE
		WHERE TU.User_id = TEMP.User_id
		GROUP BY Item_id
	) AS MAXX)
);

#Q6
SELECT Item_id, Name, SUM(Stock) as Ordered_count
FROM (  SELECT User_id
	FROM CUSTOMER NATURAL JOIN ORDERED_BY
	WHERE Is_ordered = TRUE
	AND EXISTS (SELECT C.User_id
		    FROM CUSTOMER C
	            WHERE NOT EXISTS (SELECT T.User_id
		    FROM (SELECT * FROM SHOPPINGBAG NATURAL JOIN ORDERED_BY) T
		    WHERE T.Is_ordered = false
		    AND C.User_id = T.User_id))) TU,
		    (SELECT User_id, Bag_idx
		    FROM ORDERED_BY NATURAL JOIN SHOPPINGBAG
		    WHERE Is_ordered = TRUE) TEMP NATURAL JOIN INCLUDE NATURAL JOIN ITEM
WHERE TU.User_id = TEMP.User_id
GROUP BY Item_id
ORDER BY Ordered_count DESC
LIMIT 5;

#Q7
SELECT Small_category, CID, COUNT(CID) AS COUNTS
FROM (
	SELECT *
	FROM ORDERED_BY
	WHERE Is_ordered = TRUE
	AND ORDERED_BY.When_ordered >= SUBDATE(NOW(), INTERVAL 1 YEAR)
	AND ORDERED_BY.When_ordered <= DATE(NOW()) ) OI NATURAL JOIN CUSTOMER
	NATURAL JOIN INCLUDE
	NATURAL JOIN ITEM
	NATURAL JOIN CATEGORY
WHERE Sex = 'M'
GROUP BY CID
ORDER BY COUNTS DESC
LIMIT 1;

#Q8
SELECT Item_id, COUNT(Item_id) AS BEST_SELLER_20
FROM (
	SELECT User_id
	FROM CUSTOMER
	WHERE Age >= 20
	AND Age < 30 ) adult NATURAL JOIN
	(SELECT *
	FROM ORDERED_BY NATURAL JOIN INCLUDE
	WHERE Is_ordered = TRUE) OD
GROUP BY Item_id
ORDER BY BEST_SELLER_20 DESC
LIMIT 1;

#Q9
SELECT T1.Item_id, ITEM.Name, T1.SUMM - T2.SUMM AS Lack
FROM ( SELECT Item_id, SUM(Stock) AS SUMM
       FROM MANAGE NATURAL JOIN ITEM
       GROUP BY Item_id) T1,
     ( SELECT Item_id, SUM(Stock) AS SUMM
       FROM ORDERED_BY NATURAL JOIN INCLUDE
       WHERE Is_ordered = FALSE
       GROUP BY Item_id) T2,
	ITEM
WHERE T1.Item_id = T2.Item_id
AND T1.Item_id = ITEM.Item_id
AND T1.SUMM - T2.SUMM < 0;

#Q10
SELECT DISTINCT User_id
FROM (
	SELECT ITEM.Item_id, ITEM.Name, ITEM.CID, STOCK*ITEM.Price AS TOTAL_RPICE
	FROM (
		SELECT TEMP.Item_id, ITEM.Name, ITEM.CID, SUM(TEMP.Stock) AS STOCK
		FROM (SELECT * FROM ORDERED_BY NATURAL JOIN INCLUDE) TEMP, ITEM
		WHERE TEMP.Is_ordered = TRUE
		AND TEMP.Item_id = ITEM.Item_id
		GROUP BY TEMP.Item_id
		ORDER BY ITEM.Item_id ASC ) TEMP,
		ITEM
	WHERE ITEM.Item_id = TEMP.Item_id
	ORDER BY STOCK*ITEM.Price DESC
	LIMIT 1) BS, 
	(SELECT *
	FROM (SELECT * FROM SHOPPINGBAG NATURAL JOIN INCLUDE) SP NATURAL JOIN ITEM) CS
WHERE BS.CID = CS.CID
OR BS.Item_id = CS.Item_id
ORDER BY User_id ASC;
